track_id,album_id,side,position,track_name,duration,audio_preview_url
1,01,A,1,Come To Daddy (Pappy Mix),04:22,https://aphextwin.bandcamp.com/track/come-to-daddy-pappy-mix
2,01,A,2,Flim,02:57,https://aphextwin.bandcamp.com/track/flim
3,01,A,3,Come to Daddy (Little Lord Faulteroy Mix),03:50,https://aphextwin.bandcamp.com/track/come-to-daddy-little-lord-faulteroy-mix
4,01,A,4,Bucephalus Bouncing Ball,05:44,https://aphextwin.bandcamp.com/track/bucephalus-bouncing-ball
5,01,B,1,To Cure A Weakling Child (Contour Regard),05:10,https://aphextwin.bandcamp.com/track/to-cure-a-weakling-child-contour-regard
6,01,B,2,Funny Little Man,03:58,https://aphextwin.bandcamp.com/track/funny-little-man
7,01,B,3,Come To Daddy (Mummy Mix),04:24,https://aphextwin.bandcamp.com/track/come-to-daddy-mummy-mix
8,01,B,4,IZ-US,02:57,https://aphextwin.bandcamp.com/track/iz-us
9,02,A,1,Xtal,04:54,https://apollorecords.bandcamp.com/track/xtal
10,02,A,2,Tha,09:07,https://apollorecords.bandcamp.com/track/tha
11,02,A,3,Pulsewidth,03:48,https://apollorecords.bandcamp.com/track/pulsewidth
12,02,B,1,Ageispolis,05:23,https://apollorecords.bandcamp.com/track/ageispolis
13,02,B,2,i,01:17,https://apollorecords.bandcamp.com/track/i
14,02,B,3,Green Calx,06:05,https://apollorecords.bandcamp.com/track/green-calx
15,02,B,4,Heliosphan,04:54,https://apollorecords.bandcamp.com/track/heliosphan
16,02,C,1,We are the music makers,07:44,https://apollorecords.bandcamp.com/track/we-are-the-music-makers
17,02,C,2,Schottkey 7th Path,05:09,https://apollorecords.bandcamp.com/track/schottkey-7th-path
18,02,C,3,Ptolemy,07:14,https://apollorecords.bandcamp.com/track/ptolemy
19,02,D,1,Hedphelym,06:04,https://apollorecords.bandcamp.com/track/hedphelym
20,02,D,2,Delphium,05:29,https://apollorecords.bandcamp.com/track/delphium
21,02,D,3,Actium,07:36,https://apollorecords.bandcamp.com/track/actium
22,03,A,1,Jynweythek,02:24,https://aphextwin.bandcamp.com/track/jynweythek
23,03,A,2,Vordhosbn,04:51,https://aphextwin.bandcamp.com/track/vordhosbn
24,03,A,3,Kladfvgbung Micshk,02:07,https://aphextwin.bandcamp.com/track/kladfvgbung-mischk
25,03,A,4,Omgyjya-Switch7,04:52,https://aphextwin.bandcamp.com/track/omgyjya-switch7
26,03,A,5,Strotha Tynhe,02:12,https://aphextwin.bandcamp.com/track/strotha-tynhe
27,03,B,1,Gwely Mernans,05:08,https://aphextwin.bandcamp.com/track/gwely-mernans
28,03,B,2,Bbydhyonchord,02:33,https://aphextwin.bandcamp.com/track/bbydhyonchord
29,03,B,3,Cock/Ver10,05:18,https://aphextwin.bandcamp.com/track/cock-ver10
30,03,B,4,Avril 14th,02:06,https://aphextwin.bandcamp.com/track/avril-14th
31,03,C,1,Mt Saint Michel + Saint Michaels Mount,08:10,https://aphextwin.bandcamp.com/track/mt-saint-michel-saint-michaels-mount
32,03,C,2,Gwarek2,06:47,https://aphextwin.bandcamp.com/track/gwarek2
33,03,C,3,Orban Eq Trx4,01:35,https://aphextwin.bandcamp.com/track/orban-eq-trx-4
34,03,C,4,Aussois,00:13,https://aphextwin.bandcamp.com/track/aussois
35,03,C,5,Hy a Scullyas Lyf a Dhagrow,02:15,https://aphextwin.bandcamp.com/track/hy-a-scullyas-lyf-adhagrow
36,03,D,1,Kesson Dalef,01:21,https://aphextwin.bandcamp.com/track/kesson-dalek
37,03,D,2,54 Cymru Beats,06:07,https://aphextwin.bandcamp.com/track/54-cymru-beats
38,03,D,3,Btoum-Roumada,01:58,https://aphextwin.bandcamp.com/track/btoum-roumada
39,03,D,4,Lornaderek,00:31,https://aphextwin.bandcamp.com/track/lornaderek
40,03,D,5,QKThr,01:27,https://aphextwin.bandcamp.com/track/qkthr
41,03,D,6,Meltphace 6,06:24,https://aphextwin.bandcamp.com/track/meltphace-6
42,03,D,7,Bit 4,00:25,https://aphextwin.bandcamp.com/track/bit-4
43,03,E,1,Prep Gwarlek 3b,01:19,https://aphextwin.bandcamp.com/track/prep-gwarek-36
44,03,E,2,Father,00:57,https://aphextwin.bandcamp.com/track/father
45,03,E,3,Taking Control,07:14,https://aphextwin.bandcamp.com/track/taking-control
46,03,E,4,Petiatil Cx Htdui,02:11,https://aphextwin.bandcamp.com/track/petiatil-cx-htdui
47,03,E,5,Ruglen Holon,01:49,https://aphextwin.bandcamp.com/track/ruglen-holon
48,03,E,6,Afx237 V.7,04:23,https://aphextwin.bandcamp.com/track/afx237-v-7
49,03,F,1,Ziggomatic 17,08:35,https://aphextwin.bandcamp.com/track/ziggomatic-17
50,03,F,2,Beskhu3epnm,02:10,https://aphextwin.bandcamp.com/track/beskhu3epnm
51,03,F,3,Nanou 2,03:25,https://aphextwin.bandcamp.com/track/nanou2
52,04,A,1,Gemini,02:56,https://boardsofcanada.bandcamp.com/track/gemini
53,04,A,2,Reach for the Dead,04:47,https://boardsofcanada.bandcamp.com/track/reach-for-the-dead
54,04,A,3,White Cyclosa,03:13,https://boardsofcanada.bandcamp.com/track/white-cyclosa
55,04,A,4,Jacquard Causeway,06:35,https://boardsofcanada.bandcamp.com/track/jacquard-causeway
56,04,B,1,Telepath,01:32,https://boardsofcanada.bandcamp.com/track/telepath
57,04,B,2,Cold Earth,03:42,https://boardsofcanada.bandcamp.com/track/cold-earth
58,04,B,3,Transmisiones Ferox,02:18,https://boardsofcanada.bandcamp.com/track/transmisiones-ferox
59,04,B,4,Sick Times,04:16,https://boardsofcanada.bandcamp.com/track/sick-times
60,04,B,5,Collapse,02:49,https://boardsofcanada.bandcamp.com/track/collapse
61,04,C,1,Palace Posy,04:05,https://boardsofcanada.bandcamp.com/track/palace-posy
62,04,C,2,Split Your Infinities,04:28,https://boardsofcanada.bandcamp.com/track/split-your-infinities
63,04,C,3,Uritual,01:59,https://boardsofcanada.bandcamp.com/track/uritual
64,04,C,4,Nothing Is Real,03:52,https://boardsofcanada.bandcamp.com/track/nothing-is-real
65,04,D,1,Sundown,02:16,https://boardsofcanada.bandcamp.com/track/sundown
66,04,D,2,New Seeds,05:39,https://boardsofcanada.bandcamp.com/track/new-seeds
67,04,D,3,Come to Dust,04:07,https://boardsofcanada.bandcamp.com/track/come-to-dust
68,04,D,4,Semena Mertvykh,03:30,https://boardsofcanada.bandcamp.com/track/semena-mertvykh
69,05,A,1,Wildlife Analysis,01:17,https://boardsofcanada.bandcamp.com/track/wildlife-analysis
70,05,A,2,An Eagle in Your Mind,06:23,https://boardsofcanada.bandcamp.com/track/an-eagle-in-your-mind
71,05,A,3,The Color of the Fire,01:45,https://boardsofcanada.bandcamp.com/track/the-color-of-the-fire
72,05,A,4,Telephasic Workshop,06:36,https://boardsofcanada.bandcamp.com/track/telephasic-workshop
73,05,B,1,Triangles & Rhombuses,01:50,https://boardsofcanada.bandcamp.com/track/triangles-rhombuses
74,05,B,2,Sixtyten,05:48,https://boardsofcanada.bandcamp.com/track/sixtyten
75,05,B,3,Turquoise Hexagon Sun,05:08,https://boardsofcanada.bandcamp.com/track/turquoise-hexagon-sun
76,05,B,4,Kaini Industries,00:59,https://boardsofcanada.bandcamp.com/track/kaini-industries
77,05,B,5,Bocuma,01:36,https://boardsofcanada.bandcamp.com/track/bocuma
78,05,C,1,Roygbiv,02:31,https://boardsofcanada.bandcamp.com/track/roygbiv
79,05,C,2,Rue the Whirl,06:40,https://boardsofcanada.bandcamp.com/track/rue-the-whirl
80,05,C,3,Aquarius,05:58,https://boardsofcanada.bandcamp.com/track/aquarius
81,05,D,1,Olson,01:32,https://boardsofcanada.bandcamp.com/track/olson
82,05,D,2,Pete Standing Alone,06:08,https://boardsofcanada.bandcamp.com/track/pete-standing-alone
83,05,D,3,Smokes Quantity,03:07,https://boardsofcanada.bandcamp.com/track/smokes-quantity
84,05,D,4,Open the Light,04:25,https://boardsofcanada.bandcamp.com/track/open-the-light
85,05,D,5,One Very Important Thought,01:14,https://boardsofcanada.bandcamp.com/track/one-very-important-thought
86,06,A,1,Ready Lets Go,00:59,https://boardsofcanada.bandcamp.com/track/ready-lets-go
87,06,A,2,Music Is Math,05:21,https://boardsofcanada.bandcamp.com/track/music-is-math
88,06,A,3,Beware the Friendly Stranger,00:37,https://boardsofcanada.bandcamp.com/track/beware-the-friendly-stranger
89,06,A,4,Gyroscope,03:34,https://boardsofcanada.bandcamp.com/track/gyroscope
90,06,A,5,Dandelion,01:15,https://boardsofcanada.bandcamp.com/track/dandelion
91,06,A,6,Sunshine Recorder,06:12,https://boardsofcanada.bandcamp.com/track/sunshine-recorder
92,06,B,1,In the Annexe,01:22,https://boardsofcanada.bandcamp.com/track/in-the-annexe
93,06,B,2,Julie and Candy,05:30,https://boardsofcanada.bandcamp.com/track/julie-and-candy
94,06,B,3,The Smallest Weird Number,01:17,https://boardsofcanada.bandcamp.com/track/the-smallest-weird-number
95,06,B,4,1969,04:20,https://boardsofcanada.bandcamp.com/track/1969
96,06,B,5,Energy Warning,00:35,https://boardsofcanada.bandcamp.com/track/energy-warning
97,06,B,6,The Beach at Redpoint,04:18,https://boardsofcanada.bandcamp.com/track/the-beach-at-redpoint
98,06,C,1,Opening the Mouth,01:11,https://boardsofcanada.bandcamp.com/track/opening-the-mouth
99,06,C,2,Alpha and Omega,07:02,https://boardsofcanada.bandcamp.com/track/alpha-and-omega
100,06,C,3,I Saw Drones,00:27,https://boardsofcanada.bandcamp.com/track/i-saw-drones
101,06,C,4,The Devil Is in the Details,03:53,https://boardsofcanada.bandcamp.com/track/the-devil-is-in-the-details
102,06,C,5,A Is to B as B Is to C,01:40,https://boardsofcanada.bandcamp.com/track/a-is-to-b-as-b-is-to-c
103,06,C,6,Over the Horizon Radar,01:08,https://boardsofcanada.bandcamp.com/track/over-the-horizon-radar
104,06,D,1,Dawn Chorus,03:55,https://boardsofcanada.bandcamp.com/track/dawn-chorus
105,06,D,2,Diving Station,01:26,https://boardsofcanada.bandcamp.com/track/diving-station
106,06,D,3,You Could Feel the Sky,05:14,https://boardsofcanada.bandcamp.com/track/you-could-feel-the-sky
107,06,D,4,Corsair,02:52,https://boardsofcanada.bandcamp.com/track/corsair
108,06,D,5,Magic Window,01:46,https://boardsofcanada.bandcamp.com/track/magic-window
109,07,A,1,Kalpol Introl,03:18,https://autechre.bandcamp.com/track/kalpol-introl
110,07,A,2,Bike,07:57,https://autechre.bandcamp.com/track/bike
111,07,A,3,Autriche,06:56,https://autechre.bandcamp.com/track/autriche
112,07,A,4,Bronchus 2,03:33,https://autechre.bandcamp.com/track/bronchus-2
113,07,B,1,Basscadet,05:23,https://autechre.bandcamp.com/track/basscadet
114,07,B,2,Eggshell,09:01,https://autechre.bandcamp.com/track/eggshell
115,07,B,3,Doctrine,07:48,https://autechre.bandcamp.com/track/doctrine
116,07,C,1,Maetl,06:32,https://autechre.bandcamp.com/track/maetl
117,07,C,2,Windwind,11:15,https://autechre.bandcamp.com/track/windwind
118,07,D,1,Lowride,07:15,https://autechre.bandcamp.com/track/lowride
119,07,D,2,444,08:55,https://autechre.bandcamp.com/track/444
120,08,A,1,Foil,06:04,https://autechre.bandcamp.com/track/foil
121,08,A,2,Montreal,07:15,https://autechre.bandcamp.com/track/montreal
122,08,A,3,Silverside,05:31,https://autechre.bandcamp.com/track/silverside
123,08,B,1,Slip,06:21,https://autechre.bandcamp.com/track/slip
124,08,B,2,Glitch,06:15,https://autechre.bandcamp.com/track/glitch
125,08,B,3,Piezo,08:00,https://autechre.bandcamp.com/track/piezo
126,08,C,1,Nine,03:40,https://autechre.bandcamp.com/track/nine
127,08,C,2,Further,10:07,https://autechre.bandcamp.com/track/further
128,08,C,3,Yulquen,06:37,https://autechre.bandcamp.com/track/yulquen
129,08,D,1,Nil,07:48,https://autechre.bandcamp.com/track/nil
130,08,D,2,Teartear,06:45,https://autechre.bandcamp.com/track/teartear
131,09,A,1,Dael,06:39,https://autechre.bandcamp.com/track/dael
132,09,A,2,Clipper,08:34,https://autechre.bandcamp.com/track/clipper
133,09,A,3,Leterel,07:08,https://autechre.bandcamp.com/track/leterel
134,09,B,1,Rotar,08:04,https://autechre.bandcamp.com/track/rotar
135,09,B,2,Stud,09:40,https://autechre.bandcamp.com/track/stud
136,09,C,1,Eutow,04:15,https://autechre.bandcamp.com/track/eutow
137,09,C,2,C/Pach,04:39,https://autechre.bandcamp.com/track/c-pach
138,09,C,3,Gnit,05:49,https://autechre.bandcamp.com/track/gnit
139,09,D,1,Overand,07:33,https://autechre.bandcamp.com/track/overand
140,09,D,2,Rsdio,10:08,https://autechre.bandcamp.com/track/rsdio
141,10,A,1,Best Foot Forward,00:48,https://music.youtube.com/search?q=DJ%20Shadow%20Best%20Foot%20Forward
142,10,A,2,Building Steam With a Grain of Salt,06:41,https://music.youtube.com/search?q=DJ%20Shadow%20Building%20Steam%20With%20a%20Grain%20of%20Salt
143,10,A,3,The Number Song,04:38,https://music.youtube.com/search?q=DJ%20Shadow%20The%20Number%20Song
144,10,A,4,Changeling,07:51,https://music.youtube.com/search?q=DJ%20Shadow%20Changeling
145,10,B,1,What Does Your Soul Look Like (Part 4),05:08,https://music.youtube.com/search?q=DJ%20Shadow%20What%20Does%20Your%20Soul%20Look%20Like%20%28Part%204%29
146,10,B,2,Stem / Long Stem,09:21,https://music.youtube.com/search?q=DJ%20Shadow%20Stem%20/%20Long%20Stem
147,10,C,1,Mutual Slump,04:03,https://music.youtube.com/search?q=DJ%20Shadow%20Mutual%20Slump
148,10,C,2,Organ Donor,01:57,https://music.youtube.com/search?q=DJ%20Shadow%20Organ%20Donor
149,10,C,3,Why Hip Hop Sucks in '96,00:43,https://music.youtube.com/search?q=DJ%20Shadow%20Why%20Hip%20Hop%20Sucks%20in%20%2796
150,10,C,4,Midnight in a Perfect World,04:58,https://music.youtube.com/search?q=DJ%20Shadow%20Midnight%20in%20a%20Perfect%20World
151,10,D,1,Napalm Brain / Scatter Brain,09:23,https://music.youtube.com/search?q=DJ%20Shadow%20Napalm%20Brain%20/%20Scatter%20Brain
152,10,D,2,What Does Your Soul Look Like (Part 1 - Blue Sky Revisit),06:17,https://music.youtube.com/search?q=DJ%20Shadow%20What%20Does%20Your%20Soul%20Look%20Like%20%28Part%201%20-%20Blue%20Sky%20Revisit%29
153,11,A,1,Back to Front (Circular Logic),01:48,https://music.youtube.com/search?q=DJ%20Shadow%20Back%20to%20Front%20%28Circular%20Logic%29
154,11,A,2,Border Crossing,03:36,https://music.youtube.com/search?q=DJ%20Shadow%20Border%20Crossing
155,11,A,3,Stay the Course,03:36,https://music.youtube.com/search?q=DJ%20Shadow%20Stay%20the%20Course
156,11,A,4,I've Been Trying,03:12,https://music.youtube.com/search?q=DJ%20Shadow%20I%27ve%20Been%20Trying
157,11,B,1,Sad and Lonely,03:04,https://music.youtube.com/search?q=DJ%20Shadow%20Sad%20and%20Lonely
158,11,B,2,Warning Call,03:36,https://music.youtube.com/search?q=DJ%20Shadow%20Warning%20Call
159,11,B,3,Tedium,02:27,https://music.youtube.com/search?q=DJ%20Shadow%20Tedium
160,11,B,4,Enemy Lines,05:23,https://music.youtube.com/search?q=DJ%20Shadow%20Enemy%20Lines
161,11,C,1,Going Nowhere,02:47,https://music.youtube.com/search?q=DJ%20Shadow%20Going%20Nowhere
162,11,C,2,Redeemed,04:26,https://music.youtube.com/search?q=DJ%20Shadow%20Redeemed
163,11,C,3,Run for Your Life,03:25,https://music.youtube.com/search?q=DJ%20Shadow%20Run%20for%20Your%20Life
164,11,C,4,Give Me Back the Nights,03:54,https://music.youtube.com/search?q=DJ%20Shadow%20Give%20Me%20Back%20the%20Nights
165,11,D,1,I Gotta Rokk,06:29,https://music.youtube.com/search?q=DJ%20Shadow%20I%20Gotta%20Rokk
166,11,D,2,Scale It Back,05:10,https://music.youtube.com/search?q=DJ%20Shadow%20Scale%20It%20Back
167,11,D,3,Circular Logic (Front to Back),01:24,https://music.youtube.com/search?q=DJ%20Shadow%20Circular%20Logic%20%28Front%20to%20Back%29
168,11,D,4,(Not So) Sad and Lonely,04:28,https://music.youtube.com/search?q=DJ%20Shadow%20%28Not%20So%29%20Sad%20and%20Lonely
169,12,A,1,(Letter From Home),01:09,https://music.youtube.com/search?q=DJ%20Shadow%20%28Letter%20From%20Home%29
170,12,A,2,Fixed Income,04:49,https://music.youtube.com/search?q=DJ%20Shadow%20Fixed%20Income
171,12,A,3,Un Autre Introduction,00:44,https://music.youtube.com/search?q=DJ%20Shadow%20Un%20Autre%20Introduction
172,12,A,4,Walkie Talkie,02:27,https://music.youtube.com/search?q=DJ%20Shadow%20Walkie%20Talkie
173,12,A,5,Giving Up the Ghost,06:30,https://music.youtube.com/search?q=DJ%20Shadow%20Giving%20Up%20the%20Ghost
174,12,B,1,Six Days,05:02,https://music.youtube.com/search?q=DJ%20Shadow%20Six%20Days
175,12,B,2,Mongrel...Meets His Maker,03:02,https://music.youtube.com/search?q=DJ%20Shadow%20Mongrel...Meets%20His%20Maker
176,12,B,3,The Right Thing / GDMFSOB,04:20,https://music.youtube.com/search?q=DJ%20Shadow%20The%20Right%20Thing%20/%20GDMFSOB
177,12,C,1,Monosylabik,06:46,https://music.youtube.com/search?q=DJ%20Shadow%20Monosylabik
178,12,C,2,Mashin' on the Motorway,02:58,https://music.youtube.com/search?q=DJ%20Shadow%20Mashin%27%20on%20the%20Motorway
179,12,D,1,Blood on the Motorway,09:12,https://music.youtube.com/search?q=DJ%20Shadow%20Blood%20on%20the%20Motorway
180,12,D,2,You Can't Go Home Again,07:03,https://music.youtube.com/search?q=DJ%20Shadow%20You%20Can%27t%20Go%20Home%20Again
181,12,D,3,(Letter From Home),00:57,https://music.youtube.com/search?q=DJ%20Shadow%20%28Letter%20From%20Home%29
182,13,A,1,Give Life Back to Music,04:34,https://music.youtube.com/search?q=Daft%20Punk%20Give%20Life%20Back%20to%20Music
183,13,A,2,The Game of Love,05:22,https://music.youtube.com/search?q=Daft%20Punk%20The%20Game%20of%20Love
184,13,A,3,Giorgio by Moroder,09:04,https://music.youtube.com/search?q=Daft%20Punk%20Giorgio%20by%20Moroder
185,13,B,1,Within,03:48,https://music.youtube.com/search?q=Daft%20Punk%20Within
186,13,B,2,Instant Crush,05:37,https://music.youtube.com/search?q=Daft%20Punk%20Instant%20Crush
187,13,B,3,Lose Yourself to Dance,05:53,https://music.youtube.com/search?q=Daft%20Punk%20Lose%20Yourself%20to%20Dance
188,13,C,1,Touch,08:19,https://music.youtube.com/search?q=Daft%20Punk%20Touch
189,13,C,2,Get Lucky,06:09,https://music.youtube.com/search?q=Daft%20Punk%20Get%20Lucky
190,13,C,3,Beyond,04:50,https://music.youtube.com/search?q=Daft%20Punk%20Beyond
191,13,D,1,Motherboard,05:41,https://music.youtube.com/search?q=Daft%20Punk%20Motherboard
192,13,D,2,Fragments of Time,04:39,https://music.youtube.com/search?q=Daft%20Punk%20Fragments%20of%20Time
193,13,D,3,Doin' It Right,04:11,https://music.youtube.com/search?q=Daft%20Punk%20Doin%27%20It%20Right
194,13,D,4,Contact,06:23,https://music.youtube.com/search?q=Daft%20Punk%20Contact
195,14,A,1,Angel,06:18,https://music.youtube.com/search?q=Massive%20Attack%20Angel
196,14,A,2,Risingson,04:58,https://music.youtube.com/search?q=Massive%20Attack%20Risingson
197,14,A,3,Teardrop,05:29,https://music.youtube.com/search?q=Massive%20Attack%20Teardrop
198,14,B,1,Inertia Creeps,05:56,https://music.youtube.com/search?q=Massive%20Attack%20Inertia%20Creeps
199,14,B,2,Exchange,04:11,https://music.youtube.com/search?q=Massive%20Attack%20Exchange
200,14,B,3,Dissolved Girl,06:07,https://music.youtube.com/search?q=Massive%20Attack%20Dissolved%20Girl
201,14,C,1,Man Next Door,05:55,https://music.youtube.com/search?q=Massive%20Attack%20Man%20Next%20Door
202,14,C,2,Black Milk,06:20,https://music.youtube.com/search?q=Massive%20Attack%20Black%20Milk
203,14,C,3,Mezzanine,05:54,https://music.youtube.com/search?q=Massive%20Attack%20Mezzanine
204,14,D,1,Group Four,08:13,https://music.youtube.com/search?q=Massive%20Attack%20Group%20Four
205,14,D,2,(Exchange),04:08,https://music.youtube.com/search?q=Massive%20Attack%20Exchange
206,15,A,1,Block Rockin' Beats,05:14,https://music.youtube.com/search?q=The%20Chemical%20Brothers%20Block%20Rockin%27%20Beats
207,15,A,2,Dig Your Own Hole,05:27,https://music.youtube.com/search?q=The%20Chemical%20Brothers%20Dig%20Your%20Own%20Hole
208,15,A,3,Elektrobank,08:18,https://music.youtube.com/search?q=The%20Chemical%20Brothers%20Elektrobank
209,15,B,1,Piku,04:54,https://music.youtube.com/search?q=The%20Chemical%20Brothers%20Piku
210,15,B,2,Setting Sun,05:29,https://music.youtube.com/search?q=The%20Chemical%20Brothers%20Setting%20Sun
211,15,B,3,It Doesn't Matter,06:14,https://music.youtube.com/search?q=The%20Chemical%20Brothers%20It%20Doesn%27t%20Matter
212,15,C,1,Don't Stop the Rock,04:50,https://music.youtube.com/search?q=The%20Chemical%20Brothers%20Don%27t%20Stop%20the%20Rock
213,15,C,2,Get Up on It Like This,02:47,https://music.youtube.com/search?q=The%20Chemical%20Brothers%20Get%20Up%20on%20It%20Like%20This
214,15,C,3,Lost in the K-Hole,03:52,https://music.youtube.com/search?q=The%20Chemical%20Brothers%20Lost%20in%20the%20K-Hole
215,15,D,1,Where Do I Begin,06:56,https://music.youtube.com/search?q=The%20Chemical%20Brothers%20Where%20Do%20I%20Begin
216,15,D,2,The Private Psychedelic Reel,09:22,https://music.youtube.com/search?q=The%20Chemical%20Brothers%20The%20Private%20Psychedelic%20Reel
217,16,A,1,Mysterons,05:02,https://music.youtube.com/search?q=Portishead%20Mysterons
218,16,A,2,Sour Times,04:14,https://music.youtube.com/search?q=Portishead%20Sour%20Times
219,16,A,3,Strangers,03:55,https://music.youtube.com/search?q=Portishead%20Strangers
220,16,B,1,It Could Be Sweet,04:16,https://music.youtube.com/search?q=Portishead%20It%20Could%20Be%20Sweet
221,16,B,2,Wandering Star,04:51,https://music.youtube.com/search?q=Portishead%20Wandering%20Star
222,16,B,3,It's a Fire,03:48,https://music.youtube.com/search?q=Portishead%20It%27s%20a%20Fire
223,16,C,1,Numb,03:54,https://music.youtube.com/search?q=Portishead%20Numb
224,16,C,2,Roads,05:02,https://music.youtube.com/search?q=Portishead%20Roads
225,16,C,3,Pedestal,03:39,https://music.youtube.com/search?q=Portishead%20Pedestal
226,16,D,1,Biscuit,05:01,https://music.youtube.com/search?q=Portishead%20Biscuit
227,16,D,2,Glory Box,05:06,https://music.youtube.com/search?q=Portishead%20Glory%20Box
228,17,A,1,Honey,03:28,https://music.youtube.com/search?q=Moby%20Honey
229,17,A,2,Find My Baby,04:00,https://music.youtube.com/search?q=Moby%20Find%20My%20Baby
230,17,A,3,Porcelain,04:01,https://music.youtube.com/search?q=Moby%20Porcelain
231,17,A,4,Why Does My Heart Feel So Bad?,04:24,https://music.youtube.com/search?q=Moby%20Why%20Does%20My%20Heart%20Feel%20So%20Bad
232,17,B,1,South Side,03:50,https://music.youtube.com/search?q=Moby%20South%20Side
233,17,B,2,Rushing,03:01,https://music.youtube.com/search?q=Moby%20Rushing
234,17,B,3,Bodyrock,03:36,https://music.youtube.com/search?q=Moby%20Bodyrock
235,17,B,4,Natural Blues,04:14,https://music.youtube.com/search?q=Moby%20Natural%20Blues
236,17,C,1,Machete,03:38,https://music.youtube.com/search?q=Moby%20Machete
237,17,C,2,7,01:02,https://music.youtube.com/search?q=Moby%207
238,17,C,3,Run On,03:45,https://music.youtube.com/search?q=Moby%20Run%20On
239,17,C,4,Down Slow,01:35,https://music.youtube.com/search?q=Moby%20Down%20Slow
240,17,C,5,If Things Were Perfect,04:18,https://music.youtube.com/search?q=Moby%20If%20Things%20Were%20Perfect
241,17,C,6,Everloving,03:26,https://music.youtube.com/search?q=Moby%20Everloving
242,17,D,1,Inside,04:49,https://music.youtube.com/search?q=Moby%20Inside
243,17,D,2,Guitar Flute & String,02:09,https://music.youtube.com/search?q=Moby%20Guitar%20Flute%20%26%20String
244,17,D,3,The Sky Is Broken,04:20,https://music.youtube.com/search?q=Moby%20The%20Sky%20Is%20Broken
245,17,D,4,My Weakness,03:42,https://music.youtube.com/search?q=Moby%20My%20Weakness
246,18,A,1,Smack My Bitch Up,05:42,https://music.youtube.com/search?q=The%20Prodigy%20Smack%20My%20Bitch%20Up
247,18,A,2,Breathe,05:35,https://music.youtube.com/search?q=The%20Prodigy%20Breathe
248,18,B,1,Diesel Power,04:17,https://music.youtube.com/search?q=The%20Prodigy%20Diesel%20Power
249,18,B,2,Funky Shit,05:16,https://music.youtube.com/search?q=The%20Prodigy%20Funky%20Shit
250,18,B,3,Serial Thrilla,05:11,https://music.youtube.com/search?q=The%20Prodigy%20Serial%20Thrilla
251,18,C,1,Mindfields,05:40,https://music.youtube.com/search?q=The%20Prodigy%20Mindfields
252,18,C,2,Narayan,09:05,https://music.youtube.com/search?q=The%20Prodigy%20Narayan
253,18,D,1,Firestarter,04:41,https://music.youtube.com/search?q=The%20Prodigy%20Firestarter
254,18,D,2,Climbatize,06:38,https://music.youtube.com/search?q=The%20Prodigy%20Climbatize
255,18,D,3,Fuel My Fire,04:19,https://music.youtube.com/search?q=The%20Prodigy%20Fuel%20My%20Fire
256,19,A,1,La Femme d'argent,07:08,https://music.youtube.com/search?q=Air%20La%20Femme%20d%27argent
257,19,A,2,Sexy Boy,04:57,https://music.youtube.com/search?q=Air%20Sexy%20Boy
258,19,B,1,All I Need,04:28,https://music.youtube.com/search?q=Air%20All%20I%20Need
259,19,B,2,Kelly Watch the Stars,03:44,https://music.youtube.com/search?q=Air%20Kelly%20Watch%20the%20Stars
260,19,B,3,Talisman,04:16,https://music.youtube.com/search?q=Air%20Talisman
261,19,C,1,Remember,02:34,https://music.youtube.com/search?q=Air%20Remember
262,19,C,2,You Make It Easy,04:00,https://music.youtube.com/search?q=Air%20You%20Make%20It%20Easy
263,19,C,3,Ce matin là,03:38,https://music.youtube.com/search?q=Air%20Ce%20matin%20l%C3%A0
264,19,D,1,New Star in the Sky (Chanson pour Solal),05:38,https://music.youtube.com/search?q=Air%20New%20Star%20in%20the%20Sky
265,19,D,2,Le Voyage de Pénélope,03:10,https://music.youtube.com/search?q=Air%20Le%20Voyage%20de%20P%C3%A9n%C3%A9lope
266,20,A,1,Untitled,00:46,https://music.youtube.com/search?q=Burial%20Untitled
267,20,A,2,Archangel,03:58,https://music.youtube.com/search?q=Burial%20Archangel
268,20,A,3,Near Dark,03:54,https://music.youtube.com/search?q=Burial%20Near%20Dark
269,20,A,4,Ghost Hardware,04:53,https://music.youtube.com/search?q=Burial%20Ghost%20Hardware
270,20,B,1,Endorphin,02:57,https://music.youtube.com/search?q=Burial%20Endorphin
271,20,B,2,Etched Headplate,05:59,https://music.youtube.com/search?q=Burial%20Etched%20Headplate
272,20,B,3,In McDonalds,02:07,https://music.youtube.com/search?q=Burial%20In%20McDonalds
273,20,C,1,Untrue,06:16,https://music.youtube.com/search?q=Burial%20Untrue
274,20,C,2,Shell of Light,04:40,https://music.youtube.com/search?q=Burial%20Shell%20of%20Light
275,20,C,3,Dog Shelter,02:59,https://music.youtube.com/search?q=Burial%20Dog%20Shelter
276,20,D,1,Homeless,05:20,https://music.youtube.com/search?q=Burial%20Homeless
277,20,D,2,UK,01:40,https://music.youtube.com/search?q=Burial%20UK
278,20,D,3,Raver,04:59,https://music.youtube.com/search?q=Burial%20Raver
279,21,A,1,Prelude,01:18,https://music.youtube.com/search?q=Bonobo%20Prelude
280,21,A,2,Kiara,03:50,https://music.youtube.com/search?q=Bonobo%20Kiara
281,21,A,3,Kong,03:57,https://music.youtube.com/search?q=Bonobo%20Kong
282,21,A,4,Eyesdown,05:28,https://music.youtube.com/search?q=Bonobo%20Eyesdown
283,21,B,1,El Toro,03:44,https://music.youtube.com/search?q=Bonobo%20El%20Toro
284,21,B,2,We Could Forever,04:19,https://music.youtube.com/search?q=Bonobo%20We%20Could%20Forever
285,21,B,3,1009,04:30,https://music.youtube.com/search?q=Bonobo%201009
286,21,C,1,All In Forms,04:51,https://music.youtube.com/search?q=Bonobo%20All%20In%20Forms
287,21,C,2,The Keeper,04:49,https://music.youtube.com/search?q=Bonobo%20The%20Keeper
288,21,C,3,Stay The Same,04:44,https://music.youtube.com/search?q=Bonobo%20Stay%20The%20Same
289,21,D,1,Animals,06:45,https://music.youtube.com/search?q=Bonobo%20Animals
290,21,D,2,Black Sands,06:48,https://music.youtube.com/search?q=Bonobo%20Black%20Sands
291,22,A,1,Angel Echoes,04:00,https://music.youtube.com/search?q=Four%20Tet%20Angel%20Echoes
292,22,A,2,Love Cry,09:13,https://music.youtube.com/search?q=Four%20Tet%20Love%20Cry
293,22,B,1,Circling,05:17,https://music.youtube.com/search?q=Four%20Tet%20Circling
294,22,B,2,Pablo's Heart,00:12,https://music.youtube.com/search?q=Four%20Tet%20Pablo%27s%20Heart
295,22,B,3,Sing,06:49,https://music.youtube.com/search?q=Four%20Tet%20Sing
296,22,C,1,This Unfolds,07:55,https://music.youtube.com/search?q=Four%20Tet%20This%20Unfolds
297,22,C,2,Reversing,02:40,https://music.youtube.com/search?q=Four%20Tet%20Reversing
298,22,D,1,Plastic People,06:33,https://music.youtube.com/search?q=Four%20Tet%20Plastic%20People
299,22,D,2,She Just Likes to Fight,04:34,https://music.youtube.com/search?q=Four%20Tet%20She%20Just%20Likes%20to%20Fight
300,23,A,1,Odessa,05:16,https://music.youtube.com/search?q=Caribou%20Odessa
301,23,A,2,Sun,05:44,https://music.youtube.com/search?q=Caribou%20Sun
302,23,B,1,Kaili,04:42,https://music.youtube.com/search?q=Caribou%20Kaili
303,23,B,2,Found Out,03:17,https://music.youtube.com/search?q=Caribou%20Found%20Out
304,23,C,1,Bowls,06:20,https://music.youtube.com/search?q=Caribou%20Bowls
305,23,C,2,Leave House,05:12,https://music.youtube.com/search?q=Caribou%20Leave%20House
306,23,D,1,Hannibal,06:14,https://music.youtube.com/search?q=Caribou%20Hannibal
307,23,D,2,Lalibela,02:26,https://music.youtube.com/search?q=Caribou%20Lalibela
308,23,D,3,Jamelia,03:58,https://music.youtube.com/search?q=Caribou%20Jamelia
309,24,A,1,Gosh,04:51,https://music.youtube.com/search?q=Jamie%20xx%20Gosh
310,24,A,2,Sleep Sound,03:52,https://music.youtube.com/search?q=Jamie%20xx%20Sleep%20Sound
311,24,A,3,SeeSaw,04:28,https://music.youtube.com/search?q=Jamie%20xx%20SeeSaw
312,24,A,4,Obvs,03:51,https://music.youtube.com/search?q=Jamie%20xx%20Obvs
313,24,A,5,Just Saying,01:23,https://music.youtube.com/search?q=Jamie%20xx%20Just%20Saying
314,24,A,6,Stranger in a Room,02:57,https://music.youtube.com/search?q=Jamie%20xx%20Stranger%20in%20a%20Room
315,24,B,1,Hold Tight,04:03,https://music.youtube.com/search?q=Jamie%20xx%20Hold%20Tight
316,24,B,2,Loud Places,04:43,https://music.youtube.com/search?q=Jamie%20xx%20Loud%20Places
317,24,B,3,I Know There's Gonna Be (Good Times),03:33,https://music.youtube.com/search?q=Jamie%20xx%20I%20Know%20There%27s%20Gonna%20Be%20%28Good%20Times%29
318,24,B,4,The Rest Is Noise,04:58,https://music.youtube.com/search?q=Jamie%20xx%20The%20Rest%20Is%20Noise
319,24,B,5,Girl,04:05,https://music.youtube.com/search?q=Jamie%20xx%20Girl
320,25,A,1,Clock Catcher,01:12,https://music.youtube.com/search?q=Flying%20Lotus%20Clock%20Catcher
321,25,A,2,Pickled!,02:14,https://music.youtube.com/search?q=Flying%20Lotus%20Pickled%21
322,25,A,3,Nose Art,01:58,https://music.youtube.com/search?q=Flying%20Lotus%20Nose%20Art
323,25,A,4,Intro//A Cosmic Drama,01:15,https://music.youtube.com/search?q=Flying%20Lotus%20Intro%2F%2FA%20Cosmic%20Drama
324,25,A,5,Zodiac Shit,02:44,https://music.youtube.com/search?q=Flying%20Lotus%20Zodiac%20Shit
325,25,A,6,Computer Face//Pure Being,02:33,https://music.youtube.com/search?q=Flying%20Lotus%20Computer%20Face%2F%2FPure%20Being
326,25,B,1,...And the World Laughs with You,02:55,https://music.youtube.com/search?q=Flying%20Lotus%20...And%20the%20World%20Laughs%20with%20You
327,25,B,2,Arkestry,02:51,https://music.youtube.com/search?q=Flying%20Lotus%20Arkestry
328,25,B,3,MmmHmm,04:14,https://music.youtube.com/search?q=Flying%20Lotus%20MmmHmm
329,25,C,1,Do the Astral Plane,03:58,https://music.youtube.com/search?q=Flying%20Lotus%20Do%20the%20Astral%20Plane
330,25,C,2,Satelllliiiiiteee,03:49,https://music.youtube.com/search?q=Flying%20Lotus%20Satelllliiiiiteee
331,25,C,3,German Haircut,01:57,https://music.youtube.com/search?q=Flying%20Lotus%20German%20Haircut
332,25,C,4,Recoiled,03:37,https://music.youtube.com/search?q=Flying%20Lotus%20Recoiled
333,25,D,1,Dance of the Pseudo Nymph,02:47,https://music.youtube.com/search?q=Flying%20Lotus%20Dance%20of%20the%20Pseudo%20Nymph
334,25,D,2,Drips//Auntie's Harp,02:10,https://music.youtube.com/search?q=Flying%20Lotus%20Drips%2F%2FAuntie%27s%20Harp
335,25,D,3,Table Tennis,03:02,https://music.youtube.com/search?q=Flying%20Lotus%20Table%20Tennis
336,25,D,4,Galaxy in Janaki,02:28,https://music.youtube.com/search?q=Flying%20Lotus%20Galaxy%20in%20Janaki
337,26,A,1,Europe Endless,09:40,https://music.youtube.com/search?q=Kraftwerk%20Europe%20Endless
338,26,A,2,The Hall of Mirrors,07:54,https://music.youtube.com/search?q=Kraftwerk%20The%20Hall%20of%20Mirrors
339,26,A,3,Showroom Dummies,06:15,https://music.youtube.com/search?q=Kraftwerk%20Showroom%20Dummies
340,26,B,1,Trans-Europe Express,06:52,https://music.youtube.com/search?q=Kraftwerk%20Trans-Europe%20Express
341,26,B,2,Metal on Metal,06:43,https://music.youtube.com/search?q=Kraftwerk%20Metal%20on%20Metal
342,26,B,3,Franz Schubert,04:26,https://music.youtube.com/search?q=Kraftwerk%20Franz%20Schubert
343,26,B,4,Endless Endless,00:56,https://music.youtube.com/search?q=Kraftwerk%20Endless%20Endless
344,27,A,1,Age of Consent,05:15,https://music.youtube.com/search?q=New%20Order%20Age%20of%20Consent
345,27,A,2,We All Stand,05:14,https://music.youtube.com/search?q=New%20Order%20We%20All%20Stand
346,27,A,3,The Village,04:37,https://music.youtube.com/search?q=New%20Order%20The%20Village
347,27,A,4,5 8 2006,07:31,https://music.youtube.com/search?q=New%20Order%205%208%202006
348,27,B,1,Your Silent Face,05:59,https://music.youtube.com/search?q=New%20Order%20Your%20Silent%20Face
349,27,B,2,Ultraviolence,04:52,https://music.youtube.com/search?q=New%20Order%20Ultraviolence
350,27,B,3,Ecstasy,04:25,https://music.youtube.com/search?q=New%20Order%20Ecstasy
351,27,B,4,Leave Me Alone,04:40,https://music.youtube.com/search?q=New%20Order%20Leave%20Me%20Alone
352,28,A,1,World in My Eyes,04:26,https://music.youtube.com/search?q=Depeche%20Mode%20World%20in%20My%20Eyes
353,28,A,2,Sweetest Perfection,04:43,https://music.youtube.com/search?q=Depeche%20Mode%20Sweetest%20Perfection
354,28,A,3,Personal Jesus,04:56,https://music.youtube.com/search?q=Depeche%20Mode%20Personal%20Jesus
355,28,B,1,Halo,04:30,https://music.youtube.com/search?q=Depeche%20Mode%20Halo
356,28,B,2,Waiting for the Night,06:07,https://music.youtube.com/search?q=Depeche%20Mode%20Waiting%20for%20the%20Night
357,28,C,1,Enjoy the Silence,06:12,https://music.youtube.com/search?q=Depeche%20Mode%20Enjoy%20the%20Silence
358,28,C,2,Policy of Truth,04:55,https://music.youtube.com/search?q=Depeche%20Mode%20Policy%20of%20Truth
359,28,D,1,Blue Dress,05:41,https://music.youtube.com/search?q=Depeche%20Mode%20Blue%20Dress
360,28,D,2,Clean,05:32,https://music.youtube.com/search?q=Depeche%20Mode%20Clean
361,29,A,1,One More Chance,05:28,https://music.youtube.com/search?q=Pet%20Shop%20Boys%20One%20More%20Chance
362,29,A,2,What Have I Done to Deserve This?,04:17,https://music.youtube.com/search?q=Pet%20Shop%20Boys%20What%20Have%20I%20Done%20to%20Deserve%20This%3F
363,29,A,3,Shopping,03:37,https://music.youtube.com/search?q=Pet%20Shop%20Boys%20Shopping
364,29,B,1,Rent,05:09,https://music.youtube.com/search?q=Pet%20Shop%20Boys%20Rent
365,29,B,2,Hit Music,04:44,https://music.youtube.com/search?q=Pet%20Shop%20Boys%20Hit%20Music
366,29,C,1,It Couldn't Happen Here,05:17,https://music.youtube.com/search?q=Pet%20Shop%20Boys%20It%20Couldn%27t%20Happen%20Here
367,29,C,2,It's a Sin,04:59,https://music.youtube.com/search?q=Pet%20Shop%20Boys%20It%27s%20a%20Sin
368,29,D,1,I Want to Wake Up,05:09,https://music.youtube.com/search?q=Pet%20Shop%20Boys%20I%20Want%20to%20Wake%20Up
369,29,D,2,Heart,03:58,https://music.youtube.com/search?q=Pet%20Shop%20Boys%20Heart
370,29,D,3,King's Cross,05:11,https://music.youtube.com/search?q=Pet%20Shop%20Boys%20King%27s%20Cross
371,30,A,1,Crystalline Green,04:28,https://music.youtube.com/search?q=Goldfrapp%20Crystalline%20Green
372,30,A,2,Train,04:11,https://music.youtube.com/search?q=Goldfrapp%20Train
373,30,A,3,Black Cherry,04:56,https://music.youtube.com/search?q=Goldfrapp%20Black%20Cherry
374,30,A,4,Tiptoe,05:10,https://music.youtube.com/search?q=Goldfrapp%20Tiptoe
375,30,A,5,Deep Honey,04:01,https://music.youtube.com/search?q=Goldfrapp%20Deep%20Honey
376,30,B,1,Hairy Trees,04:37,https://music.youtube.com/search?q=Goldfrapp%20Hairy%20Trees
377,30,B,2,Twist,03:33,https://music.youtube.com/search?q=Goldfrapp%20Twist
378,30,B,3,Strict Machine,03:51,https://music.youtube.com/search?q=Goldfrapp%20Strict%20Machine
379,30,B,4,Forever,04:14,https://music.youtube.com/search?q=Goldfrapp%20Forever
380,30,B,5,Slippage,03:57,https://music.youtube.com/search?q=Goldfrapp%20Slippage
381,31,A,1,Cherub Rock,04:58,https://music.youtube.com/search?q=The%20Smashing%20Pumpkins%20Cherub%20Rock
382,31,A,2,Quiet,03:41,https://music.youtube.com/search?q=The%20Smashing%20Pumpkins%20Quiet
383,31,A,3,Today,03:19,https://music.youtube.com/search?q=The%20Smashing%20Pumpkins%20Today
384,31,A,4,Hummer,06:57,https://music.youtube.com/search?q=The%20Smashing%20Pumpkins%20Hummer
385,31,B,1,Rocket,04:06,https://music.youtube.com/search?q=The%20Smashing%20Pumpkins%20Rocket
386,31,B,2,Disarm,03:17,https://music.youtube.com/search?q=The%20Smashing%20Pumpkins%20Disarm
387,31,B,3,Soma,06:39,https://music.youtube.com/search?q=The%20Smashing%20Pumpkins%20Soma
388,31,C,1,Geek U.S.A.,05:13,https://music.youtube.com/search?q=The%20Smashing%20Pumpkins%20Geek%20U.S.A.
389,31,C,2,Mayonaise,05:49,https://music.youtube.com/search?q=The%20Smashing%20Pumpkins%20Mayonaise
390,31,C,3,Spaceboy,04:28,https://music.youtube.com/search?q=The%20Smashing%20Pumpkins%20Spaceboy
391,31,D,1,Silverfuck,08:43,https://music.youtube.com/search?q=The%20Smashing%20Pumpkins%20Silverfuck
392,31,D,2,Sweet Sweet,01:38,https://music.youtube.com/search?q=The%20Smashing%20Pumpkins%20Sweet%20Sweet
393,31,D,3,Luna,03:20,https://music.youtube.com/search?q=The%20Smashing%20Pumpkins%20Luna
394,32,A,1,Dark & Long,07:35,https://music.youtube.com/search?q=Underworld%20Dark%20%26%20Long
395,32,A,2,Mmm... Skyscraper I Love You,13:08,https://music.youtube.com/search?q=Underworld%20Mmm...%20Skyscraper%20I%20Love%20You
396,32,B,1,Surfboy,07:33,https://music.youtube.com/search?q=Underworld%20Surfboy
397,32,B,2,Spoonman,07:41,https://music.youtube.com/search?q=Underworld%20Spoonman
398,32,B,3,Tongue,04:49,https://music.youtube.com/search?q=Underworld%20Tongue
399,32,C,1,Dirty Epic,09:55,https://music.youtube.com/search?q=Underworld%20Dirty%20Epic
400,32,C,2,Cowgirl,08:29,https://music.youtube.com/search?q=Underworld%20Cowgirl
401,32,D,1,River of Bass,06:26,https://music.youtube.com/search?q=Underworld%20River%20of%20Bass
402,32,D,2,M.E.,07:09,https://music.youtube.com/search?q=Underworld%20M.E.
403,33,A,1,The Girl with the Sun in Her Head,10:26,https://music.youtube.com/search?q=Orbital%20The%20Girl%20with%20the%20Sun%20in%20Her%20Head
404,33,A,2,P.E.T.R.O.L.,06:20,https://music.youtube.com/search?q=Orbital%20P.E.T.R.O.L.
405,33,B,1,The Box (Part 1),06:28,https://music.youtube.com/search?q=Orbital%20The%20Box%20%28Part%201%29
406,33,B,2,The Box (Part 2),06:00,https://music.youtube.com/search?q=Orbital%20The%20Box%20%28Part%202%29
407,33,B,3,Dŵr Budr,09:55,https://music.youtube.com/search?q=Orbital%20D%C5%B5r%20Budr
408,33,C,1,Adnan's,08:41,https://music.youtube.com/search?q=Orbital%20Adnan%27s
409,33,C,2,Out There Somewhere? (Part 1),10:42,https://music.youtube.com/search?q=Orbital%20Out%20There%20Somewhere%3F%20%28Part%201%29
410,33,D,1,Out There Somewhere? (Part 2),13:26,https://music.youtube.com/search?q=Orbital%20Out%20There%20Somewhere%3F%20%28Part%202%29
411,34,A,1,Genesis,03:54,https://music.youtube.com/search?q=Justice%20Genesis
412,34,A,2,Let There Be Light,04:55,https://music.youtube.com/search?q=Justice%20Let%20There%20Be%20Light
413,34,A,3,D.A.N.C.E.,04:02,https://music.youtube.com/search?q=Justice%20D.A.N.C.E.
414,34,B,1,Newjack,03:36,https://music.youtube.com/search?q=Justice%20Newjack
415,34,B,2,Phantom,04:22,https://music.youtube.com/search?q=Justice%20Phantom
416,34,B,3,Phantom Pt. II,03:20,https://music.youtube.com/search?q=Justice%20Phantom%20Pt.%20II
417,34,C,1,Valentine,02:56,https://music.youtube.com/search?q=Justice%20Valentine
418,34,C,2,Tthhee Ppaarrttyy,04:03,https://music.youtube.com/search?q=Justice%20Tthhee%20Ppaarrttyy
419,34,C,3,DVNO,03:56,https://music.youtube.com/search?q=Justice%20DVNO
420,34,D,1,Stress,04:58,https://music.youtube.com/search?q=Justice%20Stress
421,34,D,2,Waters of Nazareth,04:25,https://music.youtube.com/search?q=Justice%20Waters%20of%20Nazareth
422,34,D,3,One Minute to Midnight,03:40,https://music.youtube.com/search?q=Justice%20One%20Minute%20to%20Midnight
423,35,A,1,A New Error,04:38,https://music.youtube.com/search?q=Moderat%20A%20New%20Error
424,35,A,2,Rusty Nails,04:26,https://music.youtube.com/search?q=Moderat%20Rusty%20Nails
425,35,A,3,Seamonkey,06:14,https://music.youtube.com/search?q=Moderat%20Seamonkey
426,35,B,1,Slow Match,05:08,https://music.youtube.com/search?q=Moderat%20Slow%20Match
427,35,B,2,3 Minutes of,03:18,https://music.youtube.com/search?q=Moderat%203%20Minutes%20of
428,35,B,3,Nasty Silence,03:13,https://music.youtube.com/search?q=Moderat%20Nasty%20Silence
429,35,C,1,Sick with It,03:45,https://music.youtube.com/search?q=Moderat%20Sick%20with%20It
430,35,C,2,Porc #1,02:40,https://music.youtube.com/search?q=Moderat%20Porc%20%231
431,35,C,3,Porc #2,03:50,https://music.youtube.com/search?q=Moderat%20Porc%20%232
432,35,C,4,Les Grandes Marches,04:28,https://music.youtube.com/search?q=Moderat%20Les%20Grandes%20Marches
433,35,D,1,Berlin,04:44,https://music.youtube.com/search?q=Moderat%20Berlin
434,35,D,2,Nr. 22,05:40,https://music.youtube.com/search?q=Moderat%20Nr.%2022
435,35,D,3,Out of Sight,05:41,https://music.youtube.com/search?q=Moderat%20Out%20of%20Sight
436,36,A,1,Sweet Unrest,03:35,https://music.youtube.com/search?q=Apparat%20Sweet%20Unrest
437,36,A,2,Song of Los,04:38,https://music.youtube.com/search?q=Apparat%20Song%20of%20Los
438,36,A,3,Black Water,04:13,https://music.youtube.com/search?q=Apparat%20Black%20Water
439,36,B,1,Goodbye,04:16,https://music.youtube.com/search?q=Apparat%20Goodbye
440,36,B,2,Candil de la Calle,04:29,https://music.youtube.com/search?q=Apparat%20Candil%20de%20la%20Calle
441,36,B,3,The Soft Voices Die,04:07,https://music.youtube.com/search?q=Apparat%20The%20Soft%20Voices%20Die
442,36,C,1,Escape,03:13,https://music.youtube.com/search?q=Apparat%20Escape
443,36,C,2,Ash/Black Veil,05:43,https://music.youtube.com/search?q=Apparat%20Ash%2FBlack%20Veil
444,36,D,1,A Bang in the Void,06:24,https://music.youtube.com/search?q=Apparat%20A%20Bang%20in%20the%20Void
445,36,D,2,Your House Is My World,03:56,https://music.youtube.com/search?q=Apparat%20Your%20House%20Is%20My%20World
446,37,A,1,So Easy,04:09,https://music.youtube.com/search?q=R%C3%B6yksopp%20So%20Easy
447,37,A,2,Poor Leno,03:57,https://music.youtube.com/search?q=R%C3%B6yksopp%20Poor%20Leno
448,37,A,3,Eple,03:36,https://music.youtube.com/search?q=R%C3%B6yksopp%20Eple
449,37,A,4,In Space,03:30,https://music.youtube.com/search?q=R%C3%B6yksopp%20In%20Space
450,37,B,1,A Higher Place,04:31,https://music.youtube.com/search?q=R%C3%B6yksopp%20A%20Higher%20Place
451,37,B,2,Röyksopp's Night Out,07:30,https://music.youtube.com/search?q=R%C3%B6yksopp%20R%C3%B6yksopp%27s%20Night%20Out
452,37,C,1,Remind Me,03:39,https://music.youtube.com/search?q=R%C3%B6yksopp%20Remind%20Me
453,37,C,2,She's So,05:23,https://music.youtube.com/search?q=R%C3%B6yksopp%20She%27s%20So
454,37,D,1,Sparks,05:25,https://music.youtube.com/search?q=R%C3%B6yksopp%20Sparks
455,37,D,2,Dead to the World,05:20,https://music.youtube.com/search?q=R%C3%B6yksopp%20Dead%20to%20the%20World
456,38,A,1,Silent Shout,04:53,https://music.youtube.com/search?q=The%20Knife%20Silent%20Shout
457,38,A,2,Neverland,03:38,https://music.youtube.com/search?q=The%20Knife%20Neverland
458,38,A,3,The Captain,06:08,https://music.youtube.com/search?q=The%20Knife%20The%20Captain
459,38,B,1,We Share Our Mothers' Health,04:11,https://music.youtube.com/search?q=The%20Knife%20We%20Share%20Our%20Mothers%27%20Health
460,38,B,2,Na Na Na,02:27,https://music.youtube.com/search?q=The%20Knife%20Na%20Na%20Na
461,38,B,3,Marble House,05:18,https://music.youtube.com/search?q=The%20Knife%20Marble%20House
462,38,C,1,Like a Pen,06:13,https://music.youtube.com/search?q=The%20Knife%20Like%20a%20Pen
463,38,C,2,From Off to On,03:58,https://music.youtube.com/search?q=The%20Knife%20From%20Off%20to%20On
464,38,D,1,Forest Families,04:08,https://music.youtube.com/search?q=The%20Knife%20Forest%20Families
465,38,D,2,One Hit,04:27,https://music.youtube.com/search?q=The%20Knife%20One%20Hit
466,38,D,3,Still Light,03:15,https://music.youtube.com/search?q=The%20Knife%20Still%20Light
467,39,A,1,Careful,03:28,https://music.youtube.com/search?q=Hot%20Chip%20Careful
468,39,A,2,And I Was a Boy from School,05:19,https://music.youtube.com/search?q=Hot%20Chip%20And%20I%20Was%20a%20Boy%20from%20School
469,39,A,3,Colours,05:28,https://music.youtube.com/search?q=Hot%20Chip%20Colours
470,39,B,1,Over and Over,05:47,https://music.youtube.com/search?q=Hot%20Chip%20Over%20and%20Over
471,39,B,2,Just Like We (Breakdown),04:12,https://music.youtube.com/search?q=Hot%20Chip%20Just%20Like%20We%20%28Breakdown%29
472,39,B,3,Tchaparian,03:20,https://music.youtube.com/search?q=Hot%20Chip%20Tchaparian
473,39,C,1,Look After Me,04:50,https://music.youtube.com/search?q=Hot%20Chip%20Look%20After%20Me
474,39,C,2,The Warning,04:51,https://music.youtube.com/search?q=Hot%20Chip%20The%20Warning
475,39,C,3,Arrest Yourself,02:31,https://music.youtube.com/search?q=Hot%20Chip%20Arrest%20Yourself
476,39,D,1,So Glad to See You,04:05,https://music.youtube.com/search?q=Hot%20Chip%20So%20Glad%20to%20See%20You
477,39,D,2,No Fit State,05:38,https://music.youtube.com/search?q=Hot%20Chip%20No%20Fit%20State
478,39,D,3,Won't Wash,02:35,https://music.youtube.com/search?q=Hot%20Chip%20Won%27t%20Wash
479,40,A,1,Intro,01:00,https://music.youtube.com/search?q=Disclosure%20Intro
480,40,A,2,When a Fire Starts to Burn,04:43,https://music.youtube.com/search?q=Disclosure%20When%20a%20Fire%20Starts%20to%20Burn
481,40,A,3,Latch,04:16,https://music.youtube.com/search?q=Disclosure%20Latch
482,40,A,4,F for You,04:29,https://music.youtube.com/search?q=Disclosure%20F%20for%20You
483,40,B,1,White Noise,04:37,https://music.youtube.com/search?q=Disclosure%20White%20Noise
484,40,B,2,Defeated No More,06:09,https://music.youtube.com/search?q=Disclosure%20Defeated%20No%20More
485,40,B,3,Stimulation,05:20,https://music.youtube.com/search?q=Disclosure%20Stimulation
486,40,C,1,Voices,04:09,https://music.youtube.com/search?q=Disclosure%20Voices
487,40,C,2,Second Chance,02:22,https://music.youtube.com/search?q=Disclosure%20Second%20Chance
488,40,C,3,Grab Her!,05:13,https://music.youtube.com/search?q=Disclosure%20Grab%20Her%21
489,40,C,4,You & Me,04:26,https://music.youtube.com/search?q=Disclosure%20You%20%26%20Me
490,40,D,1,January,05:55,https://music.youtube.com/search?q=Disclosure%20January
491,40,D,2,Confess to Me,04:11,https://music.youtube.com/search?q=Disclosure%20Confess%20to%20Me
492,40,D,3,Help Me Lose My Mind,04:04,https://music.youtube.com/search?q=Disclosure%20Help%20Me%20Lose%20My%20Mind
493,41,A,1,Second Hand News,02:43,https://music.youtube.com/search?q=Fleetwood%20Mac%20Second%20Hand%20News
494,41,A,2,Dreams,04:14,https://music.youtube.com/search?q=Fleetwood%20Mac%20Dreams
495,41,A,3,Never Going Back Again,02:14,https://music.youtube.com/search?q=Fleetwood%20Mac%20Never%20Going%20Back%20Again
496,41,A,4,Don't Stop,03:13,https://music.youtube.com/search?q=Fleetwood%20Mac%20Don%27t%20Stop
497,41,A,5,Go Your Own Way,03:43,https://music.youtube.com/search?q=Fleetwood%20Mac%20Go%20Your%20Own%20Way
498,41,A,6,Songbird,03:20,https://music.youtube.com/search?q=Fleetwood%20Mac%20Songbird
499,41,B,1,The Chain,04:30,https://music.youtube.com/search?q=Fleetwood%20Mac%20The%20Chain
500,41,B,2,You Make Loving Fun,03:31,https://music.youtube.com/search?q=Fleetwood%20Mac%20You%20Make%20Loving%20Fun
501,41,B,3,I Don't Want to Know,03:15,https://music.youtube.com/search?q=Fleetwood%20Mac%20I%20Don%27t%20Want%20to%20Know
502,41,B,4,Oh Daddy,03:56,https://music.youtube.com/search?q=Fleetwood%20Mac%20Oh%20Daddy
503,41,B,5,Gold Dust Woman,04:56,https://music.youtube.com/search?q=Fleetwood%20Mac%20Gold%20Dust%20Woman
504,42,A,1,Smells Like Teen Spirit,05:01,https://music.youtube.com/search?q=Nirvana%20Smells%20Like%20Teen%20Spirit
505,42,A,2,In Bloom,04:14,https://music.youtube.com/search?q=Nirvana%20In%20Bloom
506,42,A,3,Come as You Are,03:39,https://music.youtube.com/search?q=Nirvana%20Come%20as%20You%20Are
507,42,A,4,Breed,03:03,https://music.youtube.com/search?q=Nirvana%20Breed
508,42,A,5,Lithium,04:17,https://music.youtube.com/search?q=Nirvana%20Lithium
509,42,B,1,Polly,02:57,https://music.youtube.com/search?q=Nirvana%20Polly
510,42,B,2,Territorial Pissings,02:23,https://music.youtube.com/search?q=Nirvana%20Territorial%20Pissings
511,42,B,3,Drain You,03:43,https://music.youtube.com/search?q=Nirvana%20Drain%20You
512,42,B,4,Lounge Act,02:36,https://music.youtube.com/search?q=Nirvana%20Lounge%20Act
513,42,B,5,Stay Away,03:32,https://music.youtube.com/search?q=Nirvana%20Stay%20Away
514,42,B,6,On a Plain,03:16,https://music.youtube.com/search?q=Nirvana%20On%20a%20Plain
515,42,B,7,Something in the Way,03:52,https://music.youtube.com/search?q=Nirvana%20Something%20in%20the%20Way
516,43,A,1,Speak to Me,01:05,https://music.youtube.com/search?q=Pink%20Floyd%20Speak%20to%20Me
517,43,A,2,Breathe (In the Air),02:49,https://music.youtube.com/search?q=Pink%20Floyd%20Breathe%20In%20the%20Air
518,43,A,3,On the Run,03:45,https://music.youtube.com/search?q=Pink%20Floyd%20On%20the%20Run
519,43,A,4,Time,06:53,https://music.youtube.com/search?q=Pink%20Floyd%20Time
520,43,A,5,The Great Gig in the Sky,04:44,https://music.youtube.com/search?q=Pink%20Floyd%20The%20Great%20Gig%20in%20the%20Sky
521,43,B,1,Money,06:23,https://music.youtube.com/search?q=Pink%20Floyd%20Money
522,43,B,2,Us and Them,07:49,https://music.youtube.com/search?q=Pink%20Floyd%20Us%20and%20Them
523,43,B,3,Any Colour You Like,03:26,https://music.youtube.com/search?q=Pink%20Floyd%20Any%20Colour%20You%20Like
524,43,B,4,Brain Damage,03:46,https://music.youtube.com/search?q=Pink%20Floyd%20Brain%20Damage
525,43,B,5,Eclipse,02:12,https://music.youtube.com/search?q=Pink%20Floyd%20Eclipse
526,44,A,1,Death on Two Legs (Dedicated to...),03:43,https://music.youtube.com/search?q=Queen%20Death%20on%20Two%20Legs
527,44,A,2,Lazing on a Sunday Afternoon,01:07,https://music.youtube.com/search?q=Queen%20Lazing%20on%20a%20Sunday%20Afternoon
528,44,A,3,I'm in Love with My Car,03:05,https://music.youtube.com/search?q=Queen%20I%27m%20in%20Love%20with%20My%20Car
529,44,A,4,You're My Best Friend,02:52,https://music.youtube.com/search?q=Queen%20You%27re%20My%20Best%20Friend
530,44,B,1,39,03:31,https://music.youtube.com/search?q=Queen%2039
531,44,B,2,Sweet Lady,04:03,https://music.youtube.com/search?q=Queen%20Sweet%20Lady
532,44,B,3,Seaside Rendezvous,02:15,https://music.youtube.com/search?q=Queen%20Seaside%20Rendezvous
533,44,C,1,The Prophet's Song,08:21,https://music.youtube.com/search?q=Queen%20The%20Prophet%27s%20Song
534,44,C,2,Love of My Life,03:39,https://music.youtube.com/search?q=Queen%20Love%20of%20My%20Life
535,44,D,1,Good Company,03:23,https://music.youtube.com/search?q=Queen%20Good%20Company
536,44,D,2,Bohemian Rhapsody,05:55,https://music.youtube.com/search?q=Queen%20Bohemian%20Rhapsody
537,44,D,3,God Save the Queen,01:18,https://music.youtube.com/search?q=Queen%20God%20Save%20the%20Queen
538,45,A,1,Rehab,03:34,https://music.youtube.com/search?q=Amy%20Winehouse%20Rehab
539,45,A,2,You Know I'm No Good,04:17,https://music.youtube.com/search?q=Amy%20Winehouse%20You%20Know%20I%27m%20No%20Good
540,45,A,3,Me & Mr Jones,02:33,https://music.youtube.com/search?q=Amy%20Winehouse%20Me%20%26%20Mr%20Jones
541,45,A,4,Just Friends,03:13,https://music.youtube.com/search?q=Amy%20Winehouse%20Just%20Friends
542,45,A,5,Back to Black,04:01,https://music.youtube.com/search?q=Amy%20Winehouse%20Back%20to%20Black
543,45,B,1,Love Is a Losing Game,02:35,https://music.youtube.com/search?q=Amy%20Winehouse%20Love%20Is%20a%20Losing%20Game
544,45,B,2,Tears Dry on Their Own,03:06,https://music.youtube.com/search?q=Amy%20Winehouse%20Tears%20Dry%20on%20Their%20Own
545,45,B,3,Wake Up Alone,03:42,https://music.youtube.com/search?q=Amy%20Winehouse%20Wake%20Up%20Alone
546,45,B,4,Some Unholy War,02:22,https://music.youtube.com/search?q=Amy%20Winehouse%20Some%20Unholy%20War
547,45,B,5,He Can Only Hold Her,02:46,https://music.youtube.com/search?q=Amy%20Winehouse%20He%20Can%20Only%20Hold%20Her
548,45,B,6,Addicted,02:45,https://music.youtube.com/search?q=Amy%20Winehouse%20Addicted
549,46,A,1,Love's in Need of Love Today,07:05,https://music.youtube.com/search?q=Stevie%20Wonder%20Love%27s%20in%20Need%20of%20Love%20Today
550,46,A,2,Have a Talk with God,02:42,https://music.youtube.com/search?q=Stevie%20Wonder%20Have%20a%20Talk%20with%20God
551,46,A,3,Village Ghetto Land,03:25,https://music.youtube.com/search?q=Stevie%20Wonder%20Village%20Ghetto%20Land
552,46,B,1,Contusion,03:46,https://music.youtube.com/search?q=Stevie%20Wonder%20Contusion
553,46,B,2,Sir Duke,03:52,https://music.youtube.com/search?q=Stevie%20Wonder%20Sir%20Duke
554,46,B,3,I Wish,04:12,https://music.youtube.com/search?q=Stevie%20Wonder%20I%20Wish
555,46,B,4,Knocks Me Off My Feet,03:36,https://music.youtube.com/search?q=Stevie%20Wonder%20Knocks%20Me%20Off%20My%20Feet
556,46,C,1,Pastime Paradise,03:27,https://music.youtube.com/search?q=Stevie%20Wonder%20Pastime%20Paradise
557,46,C,2,Summer Soft,04:14,https://music.youtube.com/search?q=Stevie%20Wonder%20Summer%20Soft
558,46,C,3,Ordinary Pain,06:16,https://music.youtube.com/search?q=Stevie%20Wonder%20Ordinary%20Pain
559,46,D,1,Isn't She Lovely,06:34,https://music.youtube.com/search?q=Stevie%20Wonder%20Isn%27t%20She%20Lovely
560,46,D,2,Joy Inside My Tears,06:29,https://music.youtube.com/search?q=Stevie%20Wonder%20Joy%20Inside%20My%20Tears
561,46,E,1,Black Man,08:29,https://music.youtube.com/search?q=Stevie%20Wonder%20Black%20Man
562,46,E,2,Ngiculela – Es Una Historia – I Am Singing,03:48,https://music.youtube.com/search?q=Stevie%20Wonder%20Ngiculela%20Es%20Una%20Historia%20I%20Am%20Singing
563,46,E,3,If It's Magic,03:12,https://music.youtube.com/search?q=Stevie%20Wonder%20If%20It%27s%20Magic
564,46,F,1,As,07:08,https://music.youtube.com/search?q=Stevie%20Wonder%20As
565,46,F,2,Another Star,08:28,https://music.youtube.com/search?q=Stevie%20Wonder%20Another%20Star
566,47,A,1,What's Going On,03:53,https://music.youtube.com/search?q=Marvin%20Gaye%20What%27s%20Going%20On
567,47,A,2,What's Happening Brother,02:43,https://music.youtube.com/search?q=Marvin%20Gaye%20What%27s%20Happening%20Brother
568,47,A,3,Flyin' High (In the Friendly Sky),03:49,https://music.youtube.com/search?q=Marvin%20Gaye%20Flyin%27%20High%20In%20the%20Friendly%20Sky
569,47,A,4,Save the Children,04:03,https://music.youtube.com/search?q=Marvin%20Gaye%20Save%20the%20Children
570,47,A,5,God Is Love,01:41,https://music.youtube.com/search?q=Marvin%20Gaye%20God%20Is%20Love
571,47,B,1,Mercy Mercy Me (The Ecology),03:16,https://music.youtube.com/search?q=Marvin%20Gaye%20Mercy%20Mercy%20Me%20The%20Ecology
572,47,B,2,Right On,07:31,https://music.youtube.com/search?q=Marvin%20Gaye%20Right%20On
573,47,B,3,Wholy Holy,03:08,https://music.youtube.com/search?q=Marvin%20Gaye%20Wholy%20Holy
574,47,B,4,Inner City Blues (Make Me Wanna Holler),05:26,https://music.youtube.com/search?q=Marvin%20Gaye%20Inner%20City%20Blues%20Make%20Me%20Wanna%20Holler
575,48,A,1,So What,09:22,https://music.youtube.com/search?q=Miles%20Davis%20So%20What
576,48,B,1,Freddie Freeloader,09:46,https://music.youtube.com/search?q=Miles%20Davis%20Freddie%20Freeloader
577,48,B,2,Blue in Green,05:37,https://music.youtube.com/search?q=Miles%20Davis%20Blue%20in%20Green
578,48,C,1,All Blues,11:33,https://music.youtube.com/search?q=Miles%20Davis%20All%20Blues
579,48,D,1,Flamenco Sketches,09:26,https://music.youtube.com/search?q=Miles%20Davis%20Flamenco%20Sketches
580,49,A,1,Acknowledgement,07:47,https://music.youtube.com/search?q=John%20Coltrane%20Acknowledgement
581,49,A,2,Resolution,07:22,https://music.youtube.com/search?q=John%20Coltrane%20Resolution
582,49,B,1,Pursuance,10:45,https://music.youtube.com/search?q=John%20Coltrane%20Pursuance
583,49,B,2,Psalm,07:08,https://music.youtube.com/search?q=John%20Coltrane%20Psalm
584,50,A,1,Natural Mystic,03:28,https://music.youtube.com/search?q=Bob%20Marley%20Natural%20Mystic
585,50,A,2,So Much Things to Say,03:08,https://music.youtube.com/search?q=Bob%20Marley%20So%20Much%20Things%20to%20Say
586,50,A,3,Guiltiness,03:20,https://music.youtube.com/search?q=Bob%20Marley%20Guiltiness
587,50,A,4,The Heathen,02:32,https://music.youtube.com/search?q=Bob%20Marley%20The%20Heathen
588,50,A,5,Exodus,07:39,https://music.youtube.com/search?q=Bob%20Marley%20Exodus
589,50,B,1,Jamming,03:31,https://music.youtube.com/search?q=Bob%20Marley%20Jamming
590,50,B,2,Waiting in Vain,04:16,https://music.youtube.com/search?q=Bob%20Marley%20Waiting%20in%20Vain
591,50,B,3,Turn Your Lights Down Low,03:39,https://music.youtube.com/search?q=Bob%20Marley%20Turn%20Your%20Lights%20Down%20Low
592,50,B,4,Three Little Birds,03:00,https://music.youtube.com/search?q=Bob%20Marley%20Three%20Little%20Birds
593,50,B,5,One Love / People Get Ready,02:54,https://music.youtube.com/search?q=Bob%20Marley%20One%20Love%20People%20Get%20Ready
594,51,A,1,Around the World,03:58,https://music.youtube.com/search?q=Red%20Hot%20Chili%20Peppers%20Around%20the%20World
595,51,A,2,Parallel Universe,04:30,https://music.youtube.com/search?q=Red%20Hot%20Chili%20Peppers%20Parallel%20Universe
596,51,A,3,Scar Tissue,03:35,https://music.youtube.com/search?q=Red%20Hot%20Chili%20Peppers%20Scar%20Tissue
597,51,A,4,Otherside,04:15,https://music.youtube.com/search?q=Red%20Hot%20Chili%20Peppers%20Otherside
598,51,B,1,Get on Top,03:18,https://music.youtube.com/search?q=Red%20Hot%20Chili%20Peppers%20Get%20on%20Top
599,51,B,2,Californication,05:21,https://music.youtube.com/search?q=Red%20Hot%20Chili%20Peppers%20Californication
600,51,B,3,Easily,03:51,https://music.youtube.com/search?q=Red%20Hot%20Chili%20Peppers%20Easily
601,51,C,1,Porcelain,02:43,https://music.youtube.com/search?q=Red%20Hot%20Chili%20Peppers%20Porcelain
602,51,C,2,Emit Remmus,04:00,https://music.youtube.com/search?q=Red%20Hot%20Chili%20Peppers%20Emit%20Remmus
603,51,C,3,I Like Dirt,02:37,https://music.youtube.com/search?q=Red%20Hot%20Chili%20Peppers%20I%20Like%20Dirt
604,51,C,4,This Velvet Glove,03:45,https://music.youtube.com/search?q=Red%20Hot%20Chili%20Peppers%20This%20Velvet%20Glove
605,51,D,1,Savior,04:52,https://music.youtube.com/search?q=Red%20Hot%20Chili%20Peppers%20Savior
606,51,D,2,Purple Stain,04:13,https://music.youtube.com/search?q=Red%20Hot%20Chili%20Peppers%20Purple%20Stain
607,51,D,3,Right on Time,01:52,https://music.youtube.com/search?q=Red%20Hot%20Chili%20Peppers%20Right%20on%20Time
608,51,D,4,Road Trippin',03:25,https://music.youtube.com/search?q=Red%20Hot%20Chili%20Peppers%20Road%20Trippin%27
609,52,A,1,Battery,05:12,https://music.youtube.com/search?q=Metallica%20Battery
610,52,A,2,Master of Puppets,08:35,https://music.youtube.com/search?q=Metallica%20Master%20of%20Puppets
611,52,B,1,The Thing That Should Not Be,06:36,https://music.youtube.com/search?q=Metallica%20The%20Thing%20That%20Should%20Not%20Be
612,52,B,2,Welcome Home (Sanitarium),06:27,https://music.youtube.com/search?q=Metallica%20Welcome%20Home%20%28Sanitarium%29
613,52,C,1,Disposable Heroes,08:17,https://music.youtube.com/search?q=Metallica%20Disposable%20Heroes
614,52,C,2,Leper Messiah,05:40,https://music.youtube.com/search?q=Metallica%20Leper%20Messiah
615,52,D,1,Orion,08:27,https://music.youtube.com/search?q=Metallica%20Orion
616,52,D,2,"Damage, Inc.",05:32,https://music.youtube.com/search?q=Metallica%20Damage%2C%20Inc.
617,53,A,1,Do I Wanna Know?,04:32,https://music.youtube.com/search?q=Arctic%20Monkeys%20Do%20I%20Wanna%20Know%3F
618,53,A,2,R U Mine?,03:21,https://music.youtube.com/search?q=Arctic%20Monkeys%20R%20U%20Mine%3F
619,53,A,3,One for the Road,03:26,https://music.youtube.com/search?q=Arctic%20Monkeys%20One%20for%20the%20Road
620,53,A,4,Arabella,03:27,https://music.youtube.com/search?q=Arctic%20Monkeys%20Arabella
621,53,A,5,I Want It All,03:04,https://music.youtube.com/search?q=Arctic%20Monkeys%20I%20Want%20It%20All
622,53,A,6,No. 1 Party Anthem,04:03,https://music.youtube.com/search?q=Arctic%20Monkeys%20No.%201%20Party%20Anthem
623,53,B,1,Mad Sounds,03:35,https://music.youtube.com/search?q=Arctic%20Monkeys%20Mad%20Sounds
624,53,B,2,Fireside,03:01,https://music.youtube.com/search?q=Arctic%20Monkeys%20Fireside
625,53,B,3,Why'd You Only Call Me When You're High?,02:41,https://music.youtube.com/search?q=Arctic%20Monkeys%20Why%27d%20You%20Only%20Call%20Me%20When%20You%27re%20High%3F
626,53,B,4,Snap Out of It,03:13,https://music.youtube.com/search?q=Arctic%20Monkeys%20Snap%20Out%20of%20It
627,53,B,5,Knee Socks,04:17,https://music.youtube.com/search?q=Arctic%20Monkeys%20Knee%20Socks
628,53,B,6,I Wanna Be Yours,03:04,https://music.youtube.com/search?q=Arctic%20Monkeys%20I%20Wanna%20Be%20Yours
629,54,A,1,Rolling in the Deep,03:48,https://music.youtube.com/search?q=Adele%20Rolling%20in%20the%20Deep
630,54,A,2,Rumour Has It,03:43,https://music.youtube.com/search?q=Adele%20Rumour%20Has%20It
631,54,A,3,Turning Tables,04:10,https://music.youtube.com/search?q=Adele%20Turning%20Tables
632,54,B,1,Don't You Remember,04:03,https://music.youtube.com/search?q=Adele%20Don%27t%20You%20Remember
633,54,B,2,Set Fire to the Rain,04:02,https://music.youtube.com/search?q=Adele%20Set%20Fire%20to%20the%20Rain
634,54,B,3,He Won't Go,04:38,https://music.youtube.com/search?q=Adele%20He%20Won%27t%20Go
635,54,C,1,Take It All,03:48,https://music.youtube.com/search?q=Adele%20Take%20It%20All
636,54,C,2,I'll Be Waiting,04:01,https://music.youtube.com/search?q=Adele%20I%27ll%20Be%20Waiting
637,54,C,3,One and Only,05:48,https://music.youtube.com/search?q=Adele%20One%20and%20Only
638,54,D,1,Lovesong,05:16,https://music.youtube.com/search?q=Adele%20Lovesong
639,54,D,2,Someone Like You,04:45,https://music.youtube.com/search?q=Adele%20Someone%20Like%20You
640,55,A,1,Wanna Be Startin' Somethin',06:03,https://music.youtube.com/search?q=Michael%20Jackson%20Wanna%20Be%20Startin%27%20Somethin%27
641,55,A,2,Baby Be Mine,04:20,https://music.youtube.com/search?q=Michael%20Jackson%20Baby%20Be%20Mine
642,55,A,3,The Girl Is Mine,03:42,https://music.youtube.com/search?q=Michael%20Jackson%20The%20Girl%20Is%20Mine
643,55,A,4,Thriller,05:57,https://music.youtube.com/search?q=Michael%20Jackson%20Thriller
644,55,B,1,Beat It,04:18,https://music.youtube.com/search?q=Michael%20Jackson%20Beat%20It
645,55,B,2,Billie Jean,04:54,https://music.youtube.com/search?q=Michael%20Jackson%20Billie%20Jean
646,55,B,3,Human Nature,04:06,https://music.youtube.com/search?q=Michael%20Jackson%20Human%20Nature
647,55,B,4,P.Y.T. (Pretty Young Thing),03:59,https://music.youtube.com/search?q=Michael%20Jackson%20P.Y.T.%20%28Pretty%20Young%20Thing%29
648,55,B,5,The Lady in My Life,04:59,https://music.youtube.com/search?q=Michael%20Jackson%20The%20Lady%20in%20My%20Life
649,56,A,1,Come Together,04:20,https://music.youtube.com/search?q=The%20Beatles%20Come%20Together
650,56,A,2,Something,03:03,https://music.youtube.com/search?q=The%20Beatles%20Something
651,56,A,3,Maxwell's Silver Hammer,03:27,https://music.youtube.com/search?q=The%20Beatles%20Maxwell%27s%20Silver%20Hammer
652,56,B,1,Oh! Darling,03:26,https://music.youtube.com/search?q=The%20Beatles%20Oh%21%20Darling
653,56,B,2,Octopus's Garden,02:51,https://music.youtube.com/search?q=The%20Beatles%20Octopus%27s%20Garden
654,56,B,3,I Want You (She's So Heavy),07:47,https://music.youtube.com/search?q=The%20Beatles%20I%20Want%20You%20%28She%27s%20So%20Heavy%29
655,56,C,1,Here Comes the Sun,03:05,https://music.youtube.com/search?q=The%20Beatles%20Here%20Comes%20the%20Sun
656,56,C,2,Because,02:45,https://music.youtube.com/search?q=The%20Beatles%20Because
657,56,C,3,You Never Give Me Your Money,04:02,https://music.youtube.com/search?q=The%20Beatles%20You%20Never%20Give%20Me%20Your%20Money
658,56,C,4,Sun King,02:26,https://music.youtube.com/search?q=The%20Beatles%20Sun%20King
659,56,D,1,Mean Mr. Mustard,01:06,https://music.youtube.com/search?q=The%20Beatles%20Mean%20Mr.%20Mustard
660,56,D,2,Polythene Pam,01:12,https://music.youtube.com/search?q=The%20Beatles%20Polythene%20Pam
661,56,D,3,She Came In Through the Bathroom Window,01:57,https://music.youtube.com/search?q=The%20Beatles%20She%20Came%20In%20Through%20the%20Bathroom%20Window
662,56,D,4,Golden Slumbers,01:31,https://music.youtube.com/search?q=The%20Beatles%20Golden%20Slumbers
663,56,D,5,Carry That Weight,01:36,https://music.youtube.com/search?q=The%20Beatles%20Carry%20That%20Weight
664,56,D,6,The End,02:20,https://music.youtube.com/search?q=The%20Beatles%20The%20End
665,56,D,7,Her Majesty,00:23,https://music.youtube.com/search?q=The%20Beatles%20Her%20Majesty
666,57,A,1,Five Years,04:42,https://music.youtube.com/search?q=David%20Bowie%20Five%20Years
667,57,A,2,Soul Love,03:34,https://music.youtube.com/search?q=David%20Bowie%20Soul%20Love
668,57,A,3,Moonage Daydream,04:40,https://music.youtube.com/search?q=David%20Bowie%20Moonage%20Daydream
669,57,A,4,Starman,04:10,https://music.youtube.com/search?q=David%20Bowie%20Starman
670,57,A,5,It Ain't Easy,02:58,https://music.youtube.com/search?q=David%20Bowie%20It%20Ain%27t%20Easy
671,57,B,1,Lady Stardust,03:22,https://music.youtube.com/search?q=David%20Bowie%20Lady%20Stardust
672,57,B,2,Star,02:47,https://music.youtube.com/search?q=David%20Bowie%20Star
673,57,B,3,Hang On to Yourself,02:40,https://music.youtube.com/search?q=David%20Bowie%20Hang%20On%20to%20Yourself
674,57,B,4,Ziggy Stardust,03:13,https://music.youtube.com/search?q=David%20Bowie%20Ziggy%20Stardust
675,57,B,5,Suffragette City,03:25,https://music.youtube.com/search?q=David%20Bowie%20Suffragette%20City
676,57,B,6,Rock 'n' Roll Suicide,02:58,https://music.youtube.com/search?q=David%20Bowie%20Rock%20%27n%27%20Roll%20Suicide
677,58,A,1,Black Dog,04:55,https://music.youtube.com/search?q=Led%20Zeppelin%20Black%20Dog
678,58,A,2,Rock and Roll,03:40,https://music.youtube.com/search?q=Led%20Zeppelin%20Rock%20and%20Roll
679,58,A,3,The Battle of Evermore,05:51,https://music.youtube.com/search?q=Led%20Zeppelin%20The%20Battle%20of%20Evermore
680,58,A,4,Stairway to Heaven,08:02,https://music.youtube.com/search?q=Led%20Zeppelin%20Stairway%20to%20Heaven
681,58,B,1,Misty Mountain Hop,04:38,https://music.youtube.com/search?q=Led%20Zeppelin%20Misty%20Mountain%20Hop
682,58,B,2,Four Sticks,04:44,https://music.youtube.com/search?q=Led%20Zeppelin%20Four%20Sticks
683,58,B,3,Going to California,03:31,https://music.youtube.com/search?q=Led%20Zeppelin%20Going%20to%20California
684,58,B,4,When the Levee Breaks,07:07,https://music.youtube.com/search?q=Led%20Zeppelin%20When%20the%20Levee%20Breaks
685,59,A,1,London Calling,03:19,https://music.youtube.com/search?q=The%20Clash%20London%20Calling
686,59,A,2,Brand New Cadillac,02:09,https://music.youtube.com/search?q=The%20Clash%20Brand%20New%20Cadillac
687,59,A,3,Jimmy Jazz,03:54,https://music.youtube.com/search?q=The%20Clash%20Jimmy%20Jazz
688,59,A,4,Hateful,02:45,https://music.youtube.com/search?q=The%20Clash%20Hateful
689,59,A,5,Rudie Can't Fail,03:28,https://music.youtube.com/search?q=The%20Clash%20Rudie%20Can%27t%20Fail
690,59,B,1,Spanish Bombs,03:18,https://music.youtube.com/search?q=The%20Clash%20Spanish%20Bombs
691,59,B,2,The Right Profile,03:54,https://music.youtube.com/search?q=The%20Clash%20The%20Right%20Profile
692,59,B,3,Lost in the Supermarket,03:47,https://music.youtube.com/search?q=The%20Clash%20Lost%20in%20the%20Supermarket
693,59,B,4,Clampdown,03:49,https://music.youtube.com/search?q=The%20Clash%20Clampdown
694,59,B,5,The Guns of Brixton,03:09,https://music.youtube.com/search?q=The%20Clash%20The%20Guns%20of%20Brixton
695,59,C,1,Wrong 'Em Boyo,03:10,https://music.youtube.com/search?q=The%20Clash%20Wrong%20%27Em%20Boyo
696,59,C,2,Death or Glory,03:55,https://music.youtube.com/search?q=The%20Clash%20Death%20or%20Glory
697,59,C,3,Koka Kola,01:47,https://music.youtube.com/search?q=The%20Clash%20Koka%20Kola
698,59,C,4,The Card Cheat,03:49,https://music.youtube.com/search?q=The%20Clash%20The%20Card%20Cheat
699,59,C,5,Lover's Rock,04:03,https://music.youtube.com/search?q=The%20Clash%20Lover%27s%20Rock
700,59,D,1,Four Horsemen,02:55,https://music.youtube.com/search?q=The%20Clash%20Four%20Horsemen
701,59,D,2,I'm Not Down,03:06,https://music.youtube.com/search?q=The+Clash+I%27m+Not+Down
702,59,D,3,Revolution Rock,05:33,https://music.youtube.com/search?q=The+Clash+Revolution+Rock
703,59,D,4,Train in Vain,03:10,https://music.youtube.com/search?q=The+Clash+Train+in+Vain
704,60,A,1,Is This It,02:35,https://music.youtube.com/search?q=The+Strokes+Is+This+It
705,60,A,2,The Modern Age,03:32,https://music.youtube.com/search?q=The+Strokes+The+Modern+Age
706,60,A,3,Soma,02:37,https://music.youtube.com/search?q=The+Strokes+Soma
707,60,A,4,Barely Legal,03:54,https://music.youtube.com/search?q=The+Strokes+Barely+Legal
708,60,A,5,Someday,03:07,https://music.youtube.com/search?q=The+Strokes+Someday
709,60,A,6,"Alone, Together",03:12,https://music.youtube.com/search?q=The+Strokes+Alone%2C+Together
710,60,B,1,Last Nite,03:17,https://music.youtube.com/search?q=The+Strokes+Last+Nite
711,60,B,2,Hard to Explain,03:47,https://music.youtube.com/search?q=The+Strokes+Hard+to+Explain
712,60,B,3,New York City Cops,03:36,https://music.youtube.com/search?q=The+Strokes+New+York+City+Cops
713,60,B,4,Trying Your Luck,03:27,https://music.youtube.com/search?q=The+Strokes+Trying+Your+Luck
714,60,B,5,Take It or Leave It,03:16,https://music.youtube.com/search?q=The+Strokes+Take+It+or+Leave+It
715,61,A,1,Folsom Prison Blues,02:42,https://music.youtube.com/search?q=Johnny+Cash+Folsom+Prison+Blues
716,61,A,2,Dark as the Dungeon,03:05,https://music.youtube.com/search?q=Johnny+Cash+Dark+as+the+Dungeon
717,61,A,3,I Still Miss Someone,01:38,https://music.youtube.com/search?q=Johnny+Cash+I+Still+Miss+Someone
718,61,A,4,Cocaine Blues,03:01,https://music.youtube.com/search?q=Johnny+Cash+Cocaine+Blues
719,61,B,1,25 Minutes to Go,03:31,https://music.youtube.com/search?q=Johnny+Cash+25+Minutes+to+Go
720,61,B,2,Orange Blossom Special,03:06,https://music.youtube.com/search?q=Johnny+Cash+Orange+Blossom+Special
721,61,B,3,The Long Black Veil,03:58,https://music.youtube.com/search?q=Johnny+Cash+The+Long+Black+Veil
722,61,B,4,Send a Picture of Mother,02:10,https://music.youtube.com/search?q=Johnny+Cash+Send+a+Picture+of+Mother
723,61,C,1,The Wall,01:36,https://music.youtube.com/search?q=Johnny+Cash+The+Wall
724,61,C,2,Dirty Old Egg-Sucking Dog,01:30,https://music.youtube.com/search?q=Johnny+Cash+Dirty+Old+Egg-Sucking+Dog
725,61,C,3,Flushed from the Bathroom of Your Heart,02:15,https://music.youtube.com/search?q=Johnny+Cash+Flushed+from+the+Bathroom+of+Your+Heart
726,61,C,4,Jackson,03:12,https://music.youtube.com/search?q=Johnny+Cash+Jackson
727,61,C,5,Give My Love to Rose,02:43,https://music.youtube.com/search?q=Johnny+Cash+Give+My+Love+to+Rose
728,61,D,1,I Got Stripes,01:52,https://music.youtube.com/search?q=Johnny+Cash+I+Got+Stripes
729,61,D,2,"Green, Green Grass of Home",02:31,https://music.youtube.com/search?q=Johnny+Cash+Green%2C+Green+Grass+of+Home
730,61,D,3,Greystone Chapel,06:02,https://music.youtube.com/search?q=Johnny+Cash+Greystone+Chapel
731,62,A,1,I Feel the Earth Move,02:58,https://music.youtube.com/search?q=Carole+King+I+Feel+the+Earth+Move
732,62,A,2,So Far Away,03:55,https://music.youtube.com/search?q=Carole+King+So+Far+Away
733,62,A,3,It's Too Late,03:53,https://music.youtube.com/search?q=Carole+King+It%27s+Too+Late
734,62,B,1,Home Again,02:29,https://music.youtube.com/search?q=Carole+King+Home+Again
735,62,B,2,Beautiful,03:08,https://music.youtube.com/search?q=Carole+King+Beautiful
736,62,B,3,Way Over Yonder,04:44,https://music.youtube.com/search?q=Carole+King+Way+Over+Yonder
737,62,C,1,You've Got a Friend,05:09,https://music.youtube.com/search?q=Carole+King+You%27ve+Got+a+Friend
738,62,C,2,Where You Lead,03:20,https://music.youtube.com/search?q=Carole+King+Where+You+Lead
739,62,C,3,Will You Love Me Tomorrow?,04:13,https://music.youtube.com/search?q=Carole+King+Will+You+Love+Me+Tomorrow%3F
740,62,D,1,Smackwater Jack,03:42,https://music.youtube.com/search?q=Carole+King+Smackwater+Jack
741,62,D,2,Tapestry,03:15,https://music.youtube.com/search?q=Carole+King+Tapestry
742,62,D,3,(You Make Me Feel Like) A Natural Woman,03:59,https://music.youtube.com/search?q=Carole+King+%28You+Make+Me+Feel+Like%29+A+Natural+Woman
743,63,A,1,All I Want,03:34,https://music.youtube.com/search?q=Joni+Mitchell+All+I+Want
744,63,A,2,My Old Man,03:34,https://music.youtube.com/search?q=Joni+Mitchell+My+Old+Man
745,63,A,3,Little Green,03:27,https://music.youtube.com/search?q=Joni+Mitchell+Little+Green
746,63,A,4,Carey,03:02,https://music.youtube.com/search?q=Joni+Mitchell+Carey
747,63,A,5,Blue,03:05,https://music.youtube.com/search?q=Joni+Mitchell+Blue
748,63,B,1,California,03:48,https://music.youtube.com/search?q=Joni+Mitchell+California
749,63,B,2,This Flight Tonight,02:50,https://music.youtube.com/search?q=Joni+Mitchell+This+Flight+Tonight
750,63,B,3,River,04:00,https://music.youtube.com/search?q=Joni+Mitchell+River
751,63,B,4,A Case of You,04:20,https://music.youtube.com/search?q=Joni+Mitchell+A+Case+of+You
752,63,B,5,The Last Time I Saw Richard,04:13,https://music.youtube.com/search?q=Joni+Mitchell+The+Last+Time+I+Saw+Richard
753,64,A,1,Respect,02:27,https://music.youtube.com/search?q=Aretha+Franklin+Respect
754,64,A,2,Drown in My Own Tears,04:07,https://music.youtube.com/search?q=Aretha+Franklin+Drown+in+My+Own+Tears
755,64,A,3,I Never Loved a Man (The Way I Love You),02:51,https://music.youtube.com/search?q=Aretha+Franklin+I+Never+Loved+a+Man+%28The+Way+I+Love+You%29
756,64,A,4,Soul Serenade,02:39,https://music.youtube.com/search?q=Aretha+Franklin+Soul+Serenade
757,64,A,5,Don't Let Me Lose This Dream,02:23,https://music.youtube.com/search?q=Aretha+Franklin+Don%27t+Let+Me+Lose+This+Dream
758,64,A,6,"Baby, Baby, Baby",02:54,https://music.youtube.com/search?q=Aretha+Franklin+Baby%2C+Baby%2C+Baby
759,64,B,1,Dr. Feelgood (Love Is a Serious Business),03:23,https://music.youtube.com/search?q=Aretha+Franklin+Dr.+Feelgood+%28Love+Is+a+Serious+Business%29
760,64,B,2,Good Times,02:10,https://music.youtube.com/search?q=Aretha+Franklin+Good+Times
761,64,B,3,"Do Right Woman, Do Right Man",03:16,https://music.youtube.com/search?q=Aretha+Franklin+Do+Right+Woman%2C+Do+Right+Man
762,64,B,4,Save Me,02:21,https://music.youtube.com/search?q=Aretha+Franklin+Save+Me
763,64,B,5,A Change Is Gonna Come,04:20,https://music.youtube.com/search?q=Aretha+Franklin+A+Change+Is+Gonna+Come
764,65,A,1,Let's Go Crazy,04:39,https://music.youtube.com/search?q=Prince+Let%27s+Go+Crazy
765,65,A,2,Take Me with U,03:54,https://music.youtube.com/search?q=Prince+Take+Me+with+U
766,65,B,1,The Beautiful Ones,05:13,https://music.youtube.com/search?q=Prince+The+Beautiful+Ones
767,65,B,2,Computer Blue,03:59,https://music.youtube.com/search?q=Prince+Computer+Blue
768,65,C,1,Darling Nikki,04:15,https://music.youtube.com/search?q=Prince+Darling+Nikki
769,65,C,2,When Doves Cry,05:54,https://music.youtube.com/search?q=Prince+When+Doves+Cry
770,65,C,3,I Would Die 4 U,02:49,https://music.youtube.com/search?q=Prince+I+Would+Die+4+U
771,65,D,1,Baby I'm a Star,04:24,https://music.youtube.com/search?q=Prince+Baby+I%27m+a+Star
772,65,D,2,Purple Rain,08:41,https://music.youtube.com/search?q=Prince+Purple+Rain
773,66,A,1,War Pigs,07:57,https://music.youtube.com/search?q=Black+Sabbath+War+Pigs
774,66,A,2,Paranoid,02:48,https://music.youtube.com/search?q=Black+Sabbath+Paranoid
775,66,A,3,Planet Caravan,04:32,https://music.youtube.com/search?q=Black+Sabbath+Planet+Caravan
776,66,A,4,Iron Man,05:56,https://music.youtube.com/search?q=Black+Sabbath+Iron+Man
777,66,B,1,Electric Funeral,04:53,https://music.youtube.com/search?q=Black+Sabbath+Electric+Funeral
778,66,B,2,Hand of Doom,07:08,https://music.youtube.com/search?q=Black+Sabbath+Hand+of+Doom
779,66,B,3,Rat Salad,02:30,https://music.youtube.com/search?q=Black+Sabbath+Rat+Salad
780,66,B,4,Fairies Wear Boots,06:15,https://music.youtube.com/search?q=Black+Sabbath+Fairies+Wear+Boots
781,67,A,1,Welcome to the Jungle,04:31,https://music.youtube.com/search?q=Guns+N%27+Roses+Welcome+to+the+Jungle
782,67,A,2,It's So Easy,03:21,https://music.youtube.com/search?q=Guns+N%27+Roses+It%27s+So+Easy
783,67,A,3,Nightrain,04:26,https://music.youtube.com/search?q=Guns+N%27+Roses+Nightrain
784,67,B,1,Out ta Get Me,04:20,https://music.youtube.com/search?q=Guns+N%27+Roses+Out+ta+Get+Me
785,67,B,2,Mr. Brownstone,03:46,https://music.youtube.com/search?q=Guns+N%27+Roses+Mr.+Brownstone
786,67,B,3,Paradise City,06:46,https://music.youtube.com/search?q=Guns+N%27+Roses+Paradise+City
787,67,C,1,My Michelle,03:39,https://music.youtube.com/search?q=Guns+N%27+Roses+My+Michelle
788,67,C,2,Think About You,03:50,https://music.youtube.com/search?q=Guns+N%27+Roses+Think+About+You
789,67,C,3,Sweet Child o' Mine,05:56,https://music.youtube.com/search?q=Guns+N%27+Roses+Sweet+Child+o%27+Mine
790,67,D,1,You're Crazy,03:17,https://music.youtube.com/search?q=Guns+N%27+Roses+You%27re+Crazy
791,67,D,2,Anything Goes,03:26,https://music.youtube.com/search?q=Guns+N%27+Roses+Anything+Goes
792,67,D,3,Rocket Queen,06:13,https://music.youtube.com/search?q=Guns+N%27+Roses+Rocket+Queen
793,68,A,1,Every Day I Have the Blues,02:27,https://music.youtube.com/search?q=B.B.+King+Every+Day+I+Have+the+Blues
794,68,A,2,Sweet Little Angel,04:16,https://music.youtube.com/search?q=B.B.+King+Sweet+Little+Angel
795,68,A,3,It's My Own Fault,03:34,https://music.youtube.com/search?q=B.B.+King+It%27s+My+Own+Fault
796,68,A,4,How Blue Can You Get?,03:44,https://music.youtube.com/search?q=B.B.+King+How+Blue+Can+You+Get%3F
797,68,A,5,Please Love Me,03:01,https://music.youtube.com/search?q=B.B.+King+Please+Love+Me
798,68,B,1,You Upset Me Baby,02:22,https://music.youtube.com/search?q=B.B.+King+You+Upset+Me+Baby
799,68,B,2,"Worry, Worry",06:24,https://music.youtube.com/search?q=B.B.+King+Worry%2C+Worry
800,68,B,3,Woke Up This Mornin',01:45,https://music.youtube.com/search?q=B.B.+King+Woke+Up+This+Mornin%27
801,68,B,4,You Done Lost Your Good Thing Now,04:16,https://music.youtube.com/search?q=B.B.+King+You+Done+Lost+Your+Good+Thing+Now
802,68,B,5,Help the Poor,02:58,https://music.youtube.com/search?q=B.B.+King+Help+the+Poor
803,69,A,1,Like a Rolling Stone,06:13,https://music.youtube.com/search?q=Bob+Dylan+Like+a+Rolling+Stone
804,69,A,2,Tombstone Blues,05:58,https://music.youtube.com/search?q=Bob+Dylan+Tombstone+Blues
805,69,B,1,"It Takes a Lot to Laugh, It Takes a Train to Cry",04:09,https://music.youtube.com/search?q=Bob+Dylan+It+Takes+a+Lot+to+Laugh%2C+It+Takes+a+Train+to+Cry
806,69,B,2,From a Buick 6,03:19,https://music.youtube.com/search?q=Bob+Dylan+From+a+Buick+6
807,69,B,3,Ballad of a Thin Man,05:58,https://music.youtube.com/search?q=Bob+Dylan+Ballad+of+a+Thin+Man
808,69,C,1,Queen Jane Approximately,05:31,https://music.youtube.com/search?q=Bob+Dylan+Queen+Jane+Approximately
809,69,C,2,Highway 61 Revisited,03:30,https://music.youtube.com/search?q=Bob+Dylan+Highway+61+Revisited
810,69,C,3,Just Like Tom Thumb's Blues,05:31,https://music.youtube.com/search?q=Bob+Dylan+Just+Like+Tom+Thumb%27s+Blues
811,69,D,1,Desolation Row,11:21,https://music.youtube.com/search?q=Bob+Dylan+Desolation+Row
812,70,A,1,"Singing Winds, Crying Beasts",04:48,https://music.youtube.com/search?q=Santana+Singing+Winds%2C+Crying+Beasts
813,70,A,2,Black Magic Woman / Gypsy Queen,05:24,https://music.youtube.com/search?q=Santana+Black+Magic+Woman+%2F+Gypsy+Queen
814,70,A,3,Oye Como Va,04:17,https://music.youtube.com/search?q=Santana+Oye+Como+Va
815,70,A,4,Incident at Neshabur,04:58,https://music.youtube.com/search?q=Santana+Incident+at+Neshabur
816,70,B,1,Se a Cabo,02:51,https://music.youtube.com/search?q=Santana+Se+a+Cabo
817,70,B,2,Mother's Daughter,04:26,https://music.youtube.com/search?q=Santana+Mother%27s+Daughter
818,70,B,3,Samba Pa Ti,04:45,https://music.youtube.com/search?q=Santana+Samba+Pa+Ti
819,70,B,4,Hope You're Feeling Better,04:10,https://music.youtube.com/search?q=Santana+Hope+You%27re+Feeling+Better
820,70,B,5,El Nicoya,01:30,https://music.youtube.com/search?q=Santana+El+Nicoya
821,71,A,1,Welcome to New York,03:32,https://music.youtube.com/search?q=Taylor+Swift+Welcome+to+New+York
822,71,A,2,Blank Space,03:51,https://music.youtube.com/search?q=Taylor+Swift+Blank+Space
823,71,A,3,Style,03:51,https://music.youtube.com/search?q=Taylor+Swift+Style
824,71,B,1,Out of the Woods,03:55,https://music.youtube.com/search?q=Taylor+Swift+Out+of+the+Woods
825,71,B,2,All You Had to Do Was Stay,03:13,https://music.youtube.com/search?q=Taylor+Swift+All+You+Had+to+Do+Was+Stay
826,71,B,3,Shake It Off,03:39,https://music.youtube.com/search?q=Taylor+Swift+Shake+It+Off
827,71,B,4,I Wish You Would,03:27,https://music.youtube.com/search?q=Taylor+Swift+I+Wish+You+Would
828,71,C,1,Bad Blood,03:31,https://music.youtube.com/search?q=Taylor+Swift+Bad+Blood
829,71,C,2,Wildest Dreams,03:40,https://music.youtube.com/search?q=Taylor+Swift+Wildest+Dreams
830,71,C,3,How You Get the Girl,04:07,https://music.youtube.com/search?q=Taylor+Swift+How+You+Get+the+Girl
831,71,D,1,This Love,04:10,https://music.youtube.com/search?q=Taylor+Swift+This+Love
832,71,D,2,I Know Places,03:15,https://music.youtube.com/search?q=Taylor+Swift+I+Know+Places
833,71,D,3,Clean,04:31,https://music.youtube.com/search?q=Taylor+Swift+Clean
834,72,A,1,Pray You Catch Me,03:16,https://music.youtube.com/search?q=Beyonc%C3%A9+Pray+You+Catch+Me
835,72,A,2,Hold Up,03:41,https://music.youtube.com/search?q=Beyonc%C3%A9+Hold+Up
836,72,A,3,Don't Hurt Yourself,03:53,https://music.youtube.com/search?q=Beyonc%C3%A9+Don%27t+Hurt+Yourself
837,72,B,1,Sorry,03:52,https://music.youtube.com/search?q=Beyonc%C3%A9+Sorry
838,72,B,2,6 Inch,04:20,https://music.youtube.com/search?q=Beyonc%C3%A9+6+Inch
839,72,B,3,Daddy Lessons,04:48,https://music.youtube.com/search?q=Beyonc%C3%A9+Daddy+Lessons
840,72,C,1,Love Drought,03:57,https://music.youtube.com/search?q=Beyonc%C3%A9+Love+Drought
841,72,C,2,Sandcastles,03:03,https://music.youtube.com/search?q=Beyonc%C3%A9+Sandcastles
842,72,C,3,Forward,01:19,https://music.youtube.com/search?q=Beyonc%C3%A9+Forward
843,72,C,4,Freedom,04:49,https://music.youtube.com/search?q=Beyonc%C3%A9+Freedom
844,72,D,1,All Night,05:22,https://music.youtube.com/search?q=Beyonc%C3%A9+All+Night
845,72,D,2,Formation,03:26,https://music.youtube.com/search?q=Beyonc%C3%A9+Formation
846,73,A,1,Airbag,04:44,https://music.youtube.com/search?q=Radiohead+Airbag
847,73,A,2,Paranoid Android,06:23,https://music.youtube.com/search?q=Radiohead+Paranoid+Android
848,73,B,1,Subterranean Homesick Alien,04:27,https://music.youtube.com/search?q=Radiohead+Subterranean+Homesick+Alien
849,73,B,2,Exit Music (For a Film),04:24,https://music.youtube.com/search?q=Radiohead+Exit+Music+%28For+a+Film%29
850,73,B,3,Let Down,04:59,https://music.youtube.com/search?q=Radiohead+Let+Down
851,73,C,1,Karma Police,04:21,https://music.youtube.com/search?q=Radiohead+Karma+Police
852,73,C,2,Fitter Happier,01:57,https://music.youtube.com/search?q=Radiohead+Fitter+Happier
853,73,C,3,Electioneering,03:50,https://music.youtube.com/search?q=Radiohead+Electioneering
854,73,C,4,Climbing Up the Walls,04:45,https://music.youtube.com/search?q=Radiohead+Climbing+Up+the+Walls
855,73,D,1,No Surprises,03:48,https://music.youtube.com/search?q=Radiohead+No+Surprises
856,73,D,2,Lucky,04:19,https://music.youtube.com/search?q=Radiohead+Lucky
857,73,D,3,The Tourist,05:24,https://music.youtube.com/search?q=Radiohead+The+Tourist
858,74,A,1,Once,03:51,https://music.youtube.com/search?q=Pearl+Jam+Once
859,74,A,2,Even Flow,04:53,https://music.youtube.com/search?q=Pearl+Jam+Even+Flow
860,74,A,3,Alive,05:41,https://music.youtube.com/search?q=Pearl+Jam+Alive
861,74,B,1,Why Go,03:20,https://music.youtube.com/search?q=Pearl+Jam+Why+Go
862,74,B,2,Black,05:43,https://music.youtube.com/search?q=Pearl+Jam+Black
863,74,B,3,Jeremy,05:18,https://music.youtube.com/search?q=Pearl+Jam+Jeremy
864,74,C,1,Oceans,02:42,https://music.youtube.com/search?q=Pearl+Jam+Oceans
865,74,C,2,Porch,03:30,https://music.youtube.com/search?q=Pearl+Jam+Porch
866,74,C,3,Garden,04:59,https://music.youtube.com/search?q=Pearl+Jam+Garden
867,74,D,1,Deep,04:18,https://music.youtube.com/search?q=Pearl+Jam+Deep
868,74,D,2,Release,09:05,https://music.youtube.com/search?q=Pearl+Jam+Release
869,75,A,1,Burnout,02:07,https://music.youtube.com/search?q=Green+Day+Burnout
870,75,A,2,Having a Blast,02:44,https://music.youtube.com/search?q=Green+Day+Having+a+Blast
871,75,A,3,Chump,02:54,https://music.youtube.com/search?q=Green+Day+Chump
872,75,A,4,Longview,03:59,https://music.youtube.com/search?q=Green+Day+Longview
873,75,A,5,Welcome to Paradise,03:44,https://music.youtube.com/search?q=Green+Day+Welcome+to+Paradise
874,75,A,6,Pulling Teeth,02:30,https://music.youtube.com/search?q=Green+Day+Pulling+Teeth
875,75,A,7,Basket Case,03:03,https://music.youtube.com/search?q=Green+Day+Basket+Case
876,75,B,1,She,02:14,https://music.youtube.com/search?q=Green+Day+She
877,75,B,2,Sassafras Roots,02:37,https://music.youtube.com/search?q=Green+Day+Sassafras+Roots
878,75,B,3,When I Come Around,02:58,https://music.youtube.com/search?q=Green+Day+When+I+Come+Around
879,75,B,4,Coming Clean,01:34,https://music.youtube.com/search?q=Green+Day+Coming+Clean
880,75,B,5,Emenius Sleepus,01:43,https://music.youtube.com/search?q=Green+Day+Emenius+Sleepus
881,75,B,6,In the End,01:46,https://music.youtube.com/search?q=Green+Day+In+the+End
882,75,B,7,F.O.D.,05:46,https://music.youtube.com/search?q=Green+Day+F.O.D.
883,76,A,1,Doll,01:23,https://music.youtube.com/search?q=Foo+Fighters+Doll
884,76,A,2,Monkey Wrench,03:51,https://music.youtube.com/search?q=Foo+Fighters+Monkey+Wrench
885,76,A,3,"Hey, Johnny Park!",04:08,https://music.youtube.com/search?q=Foo+Fighters+Hey%2C+Johnny+Park%21
886,76,A,4,My Poor Brain,03:33,https://music.youtube.com/search?q=Foo+Fighters+My+Poor+Brain
887,76,B,1,Wind Up,02:32,https://music.youtube.com/search?q=Foo+Fighters+Wind+Up
888,76,B,2,Up in Arms,02:15,https://music.youtube.com/search?q=Foo+Fighters+Up+in+Arms
889,76,B,3,My Hero,04:20,https://music.youtube.com/search?q=Foo+Fighters+My+Hero
890,76,B,4,See You,02:26,https://music.youtube.com/search?q=Foo+Fighters+See+You
891,76,C,1,Enough Space,02:37,https://music.youtube.com/search?q=Foo+Fighters+Enough+Space
892,76,C,2,February Stars,04:49,https://music.youtube.com/search?q=Foo+Fighters+February+Stars
893,76,C,3,Everlong,04:10,https://music.youtube.com/search?q=Foo+Fighters+Everlong
894,76,D,1,Walking After You,05:03,https://music.youtube.com/search?q=Foo+Fighters+Walking+After+You
895,76,D,2,New Way Home,05:40,https://music.youtube.com/search?q=Foo+Fighters+New+Way+Home
896,77,A,1,Intro,00:47,https://music.youtube.com/search?q=Lauryn+Hill+Intro
897,77,A,2,Lost Ones,05:33,https://music.youtube.com/search?q=Lauryn+Hill+Lost+Ones
898,77,A,3,Ex-Factor,05:26,https://music.youtube.com/search?q=Lauryn+Hill+Ex-Factor
899,77,A,4,To Zion,06:09,https://music.youtube.com/search?q=Lauryn+Hill+To+Zion
900,77,B,1,Doo Wop (That Thing),05:20,https://music.youtube.com/search?q=Lauryn+Hill+Doo+Wop+%28That+Thing%29
901,77,B,2,Superstar,04:57,https://music.youtube.com/search?q=Lauryn+Hill+Superstar
902,77,B,3,Final Hour,04:16,https://music.youtube.com/search?q=Lauryn+Hill+Final+Hour
903,77,C,1,When It Hurts So Bad,05:42,https://music.youtube.com/search?q=Lauryn+Hill+When+It+Hurts+So+Bad
904,77,C,2,I Used to Love Him,05:39,https://music.youtube.com/search?q=Lauryn+Hill+I+Used+to+Love+Him
905,77,C,3,Forgive Them Father,05:15,https://music.youtube.com/search?q=Lauryn+Hill+Forgive+Them+Father
906,77,D,1,"Every Ghetto, Every City",05:14,https://music.youtube.com/search?q=Lauryn+Hill+Every+Ghetto%2C+Every+City
907,77,D,2,Nothing Even Matters,05:50,https://music.youtube.com/search?q=Lauryn+Hill+Nothing+Even+Matters
908,77,D,3,Everything Is Everything,04:53,https://music.youtube.com/search?q=Lauryn+Hill+Everything+Is+Everything
909,77,D,4,The Miseducation of Lauryn Hill,03:55,https://music.youtube.com/search?q=Lauryn+Hill+The+Miseducation+of+Lauryn+Hill
910,78,A,1,Anything to Say You're Mine,02:35,https://music.youtube.com/search?q=Etta+James+Anything+to+Say+You%27re+Mine
911,78,A,2,My Dearest Darling,03:01,https://music.youtube.com/search?q=Etta+James+My+Dearest+Darling
912,78,A,3,Trust in Me,03:00,https://music.youtube.com/search?q=Etta+James+Trust+in+Me
913,78,A,4,A Sunday Kind of Love,03:18,https://music.youtube.com/search?q=Etta+James+A+Sunday+Kind+of+Love
914,78,A,5,Tough Mary,02:27,https://music.youtube.com/search?q=Etta+James+Tough+Mary
915,78,A,6,I Just Want to Make Love to You,03:08,https://music.youtube.com/search?q=Etta+James+I+Just+Want+to+Make+Love+to+You
916,78,A,7,At Last,03:00,https://music.youtube.com/search?q=Etta+James+At+Last
917,78,B,1,All I Could Do Was Cry,02:57,https://music.youtube.com/search?q=Etta+James+All+I+Could+Do+Was+Cry
918,78,B,2,Stormy Weather,03:09,https://music.youtube.com/search?q=Etta+James+Stormy+Weather
919,78,B,3,Girl of My Dreams,02:21,https://music.youtube.com/search?q=Etta+James+Girl+of+My+Dreams
920,78,B,4,Something's Got a Hold on Me,02:48,https://music.youtube.com/search?q=Etta+James+Something%27s+Got+a+Hold+on+Me
921,78,B,5,It's a Crying Shame,02:53,https://music.youtube.com/search?q=Etta+James+It%27s+a+Crying+Shame
922,78,B,6,Spoonful,02:50,https://music.youtube.com/search?q=Etta+James+Spoonful
923,78,B,7,Plum Nuts,03:03,https://music.youtube.com/search?q=Etta+James+Plum+Nuts
924,79,A,1,Chameleon,15:41,https://music.youtube.com/search?q=Herbie+Hancock+Chameleon
925,79,A,2,Watermelon Man,06:29,https://music.youtube.com/search?q=Herbie+Hancock+Watermelon+Man
926,79,B,1,Sly,10:15,https://music.youtube.com/search?q=Herbie+Hancock+Sly
927,79,B,2,Vein Melter,09:09,https://music.youtube.com/search?q=Herbie+Hancock+Vein+Melter
928,80,A,1,Plainsong,05:12,https://music.youtube.com/search?q=The+Cure+Plainsong
929,80,A,2,Pictures of You,07:28,https://music.youtube.com/search?q=The+Cure+Pictures+of+You
930,80,A,3,Closedown,04:16,https://music.youtube.com/search?q=The+Cure+Closedown
931,80,B,1,Lovesong,03:29,https://music.youtube.com/search?q=The+Cure+Lovesong
932,80,B,2,Last Dance,04:42,https://music.youtube.com/search?q=The+Cure+Last+Dance
933,80,B,3,Lullaby,04:08,https://music.youtube.com/search?q=The+Cure+Lullaby
934,80,B,4,Fascination Street,05:16,https://music.youtube.com/search?q=The+Cure+Fascination+Street
935,80,C,1,Prayers for Rain,06:05,https://music.youtube.com/search?q=The+Cure+Prayers+for+Rain
936,80,C,2,The Same Deep Water as You,09:19,https://music.youtube.com/search?q=The+Cure+The+Same+Deep+Water+as+You
937,80,D,1,Disintegration,08:18,https://music.youtube.com/search?q=The+Cure+Disintegration
938,80,D,2,Homesick,07:06,https://music.youtube.com/search?q=The+Cure+Homesick
939,80,D,3,Untitled,06:30,https://music.youtube.com/search?q=The+Cure+Untitled
940,81,A,1,Jolene,02:42,https://music.youtube.com/search?q=Dolly+Parton+Jolene
941,81,A,2,When Someone Wants to Leave,02:04,https://music.youtube.com/search?q=Dolly+Parton+When+Someone+Wants+to+Leave
942,81,A,3,River of Happiness,02:17,https://music.youtube.com/search?q=Dolly+Parton+River+of+Happiness
943,81,A,4,Early Morning Breeze,02:45,https://music.youtube.com/search?q=Dolly+Parton+Early+Morning+Breeze
944,81,A,5,Highlight of My Life,02:17,https://music.youtube.com/search?q=Dolly+Parton+Highlight+of+My+Life
945,81,B,1,I Will Always Love You,02:55,https://music.youtube.com/search?q=Dolly+Parton+I+Will+Always+Love+You
946,81,B,2,Randy,01:53,https://music.youtube.com/search?q=Dolly+Parton+Randy
947,81,B,3,Living on Memories of You,02:45,https://music.youtube.com/search?q=Dolly+Parton+Living+on+Memories+of+You
948,81,B,4,Lonely Comin' Down,03:13,https://music.youtube.com/search?q=Dolly+Parton+Lonely+Comin%27+Down
949,81,B,5,It Must Be You,01:49,https://music.youtube.com/search?q=Dolly+Parton+It+Must+Be+You
950,82,A,1,Talkin' Bout a Revolution,02:41,https://music.youtube.com/search?q=Tracy+Chapman+Talkin%27+Bout+a+Revolution
951,82,A,2,Fast Car,04:56,https://music.youtube.com/search?q=Tracy+Chapman+Fast+Car
952,82,A,3,Across the Lines,03:24,https://music.youtube.com/search?q=Tracy+Chapman+Across+the+Lines
953,82,A,4,Behind the Wall,01:49,https://music.youtube.com/search?q=Tracy+Chapman+Behind+the+Wall
954,82,A,5,Baby Can I Hold You,03:14,https://music.youtube.com/search?q=Tracy+Chapman+Baby+Can+I+Hold+You
955,82,B,1,Mountains o' Things,04:39,https://music.youtube.com/search?q=Tracy+Chapman+Mountains+o%27+Things
956,82,B,2,She's Got Her Ticket,03:56,https://music.youtube.com/search?q=Tracy+Chapman+She%27s+Got+Her+Ticket
957,82,B,3,Why?,02:06,https://music.youtube.com/search?q=Tracy+Chapman+Why%3F
958,82,B,4,For My Lover,03:12,https://music.youtube.com/search?q=Tracy+Chapman+For+My+Lover
959,82,B,5,If Not Now...,03:01,https://music.youtube.com/search?q=Tracy+Chapman+If+Not+Now...
960,82,B,6,For You,03:09,https://music.youtube.com/search?q=Tracy+Chapman+For+You
961,83,A,1,All I Really Want,04:44,https://music.youtube.com/search?q=Alanis+Morissette+All+I+Really+Want
962,83,A,2,You Oughta Know,04:09,https://music.youtube.com/search?q=Alanis+Morissette+You+Oughta+Know
963,83,A,3,Perfect,03:07,https://music.youtube.com/search?q=Alanis+Morissette+Perfect
964,83,B,1,Hand in My Pocket,03:41,https://music.youtube.com/search?q=Alanis+Morissette+Hand+in+My+Pocket
965,83,B,2,Right Through You,02:55,https://music.youtube.com/search?q=Alanis+Morissette+Right+Through+You
966,83,B,3,Forgiven,05:00,https://music.youtube.com/search?q=Alanis+Morissette+Forgiven
967,83,C,1,You Learn,04:00,https://music.youtube.com/search?q=Alanis+Morissette+You+Learn
968,83,C,2,Head over Feet,04:27,https://music.youtube.com/search?q=Alanis+Morissette+Head+over+Feet
969,83,C,3,Mary Jane,04:40,https://music.youtube.com/search?q=Alanis+Morissette+Mary+Jane
970,83,D,1,Ironic,03:49,https://music.youtube.com/search?q=Alanis+Morissette+Ironic
971,83,D,2,Not the Doctor,03:47,https://music.youtube.com/search?q=Alanis+Morissette+Not+the+Doctor
972,83,D,3,Wake Up,04:53,https://music.youtube.com/search?q=Alanis+Morissette+Wake+Up
973,84,A,1,When I Kissed the Teacher,03:01,https://music.youtube.com/search?q=ABBA+When+I+Kissed+the+Teacher
974,84,A,2,Dancing Queen,03:51,https://music.youtube.com/search?q=ABBA+Dancing+Queen
975,84,A,3,"My Love, My Life",03:52,https://music.youtube.com/search?q=ABBA+My+Love%2C+My+Life
976,84,A,4,Dum Dum Diddle,02:53,https://music.youtube.com/search?q=ABBA+Dum+Dum+Diddle
977,84,A,5,"Knowing Me, Knowing You",04:02,https://music.youtube.com/search?q=ABBA+Knowing+Me%2C+Knowing+You
978,84,B,1,"Money, Money, Money",03:05,https://music.youtube.com/search?q=ABBA+Money%2C+Money%2C+Money
979,84,B,2,That's Me,03:15,https://music.youtube.com/search?q=ABBA+That%27s+Me
980,84,B,3,Why Did It Have to Be Me?,03:20,https://music.youtube.com/search?q=ABBA+Why+Did+It+Have+to+Be+Me%3F
981,84,B,4,Tiger,02:55,https://music.youtube.com/search?q=ABBA+Tiger
982,84,B,5,Arrival,03:00,https://music.youtube.com/search?q=ABBA+Arrival
983,85,A,1,Funeral for a Friend / Love Lies Bleeding,11:09,https://music.youtube.com/search?q=Elton+John+Funeral+for+a+Friend+%2F+Love+Lies+Bleeding
984,85,A,2,Candle in the Wind,03:50,https://music.youtube.com/search?q=Elton+John+Candle+in+the+Wind
985,85,A,3,Bennie and the Jets,05:23,https://music.youtube.com/search?q=Elton+John+Bennie+and+the+Jets
986,85,B,1,Goodbye Yellow Brick Road,03:13,https://music.youtube.com/search?q=Elton+John+Goodbye+Yellow+Brick+Road
987,85,B,2,This Song Has No Title,02:23,https://music.youtube.com/search?q=Elton+John+This+Song+Has+No+Title
988,85,B,3,Grey Seal,04:00,https://music.youtube.com/search?q=Elton+John+Grey+Seal
989,85,B,4,Jamaica Jerk-Off,03:39,https://music.youtube.com/search?q=Elton+John+Jamaica+Jerk-Off
990,85,B,5,I've Seen That Movie Too,05:59,https://music.youtube.com/search?q=Elton+John+I%27ve+Seen+That+Movie+Too
991,85,C,1,Sweet Painted Lady,03:54,https://music.youtube.com/search?q=Elton+John+Sweet+Painted+Lady
992,85,C,2,The Ballad of Danny Bailey (1909–34),04:23,https://music.youtube.com/search?q=Elton+John+The+Ballad+of+Danny+Bailey+%281909%E2%80%9334%29
993,85,C,3,Dirty Little Girl,05:01,https://music.youtube.com/search?q=Elton+John+Dirty+Little+Girl
994,85,C,4,All the Girls Love Alice,05:09,https://music.youtube.com/search?q=Elton+John+All+the+Girls+Love+Alice
995,85,D,1,Your Sister Can't Twist (But She Can Rock 'n Roll),02:42,https://music.youtube.com/search?q=Elton+John+Your+Sister+Can%27t+Twist+%28But+She+Can+Rock+%27n+Roll%29
996,85,D,2,Saturday Night's Alright for Fighting,04:55,https://music.youtube.com/search?q=Elton+John+Saturday+Night%27s+Alright+for+Fighting
997,85,D,3,Roy Rogers,04:08,https://music.youtube.com/search?q=Elton+John+Roy+Rogers
998,85,D,4,Social Disease,03:43,https://music.youtube.com/search?q=Elton+John+Social+Disease
999,85,D,5,Harmony,02:46,https://music.youtube.com/search?q=Elton+John+Harmony
1000,86,A,1,Brown Sugar,03:48,https://music.youtube.com/search?q=The+Rolling+Stones+Brown+Sugar
1001,86,A,2,Sway,03:50,https://music.youtube.com/search?q=The+Rolling+Stones+Sway
1002,86,A,3,Wild Horses,05:42,https://music.youtube.com/search?q=The+Rolling+Stones+Wild+Horses
1003,86,B,1,Can't You Hear Me Knocking,07:14,https://music.youtube.com/search?q=The+Rolling+Stones+Can%27t+You+Hear+Me+Knocking
1004,86,B,2,You Gotta Move,02:32,https://music.youtube.com/search?q=The+Rolling+Stones+You+Gotta+Move
1005,86,C,1,Bitch,03:37,https://music.youtube.com/search?q=The+Rolling+Stones+Bitch
1006,86,C,2,I Got the Blues,03:54,https://music.youtube.com/search?q=The+Rolling+Stones+I+Got+the+Blues
1007,86,C,3,Sister Morphine,05:31,https://music.youtube.com/search?q=The+Rolling+Stones+Sister+Morphine
1008,86,D,1,Dead Flowers,04:03,https://music.youtube.com/search?q=The+Rolling+Stones+Dead+Flowers
1009,86,D,2,Moonlight Mile,05:56,https://music.youtube.com/search?q=The+Rolling+Stones+Moonlight+Mile
1010,87,A,1,Thunder Road,04:49,https://music.youtube.com/search?q=Bruce+Springsteen+Thunder+Road
1011,87,A,2,Tenth Avenue Freeze-Out,03:11,https://music.youtube.com/search?q=Bruce+Springsteen+Tenth+Avenue+Freeze-Out
1012,87,A,3,Night,03:00,https://music.youtube.com/search?q=Bruce+Springsteen+Night
1013,87,A,4,Backstreets,06:30,https://music.youtube.com/search?q=Bruce+Springsteen+Backstreets
1014,87,B,1,Born to Run,04:30,https://music.youtube.com/search?q=Bruce+Springsteen+Born+to+Run
1015,87,B,2,She's the One,04:30,https://music.youtube.com/search?q=Bruce+Springsteen+She%27s+the+One
1016,87,B,3,Meeting Across the River,03:18,https://music.youtube.com/search?q=Bruce+Springsteen+Meeting+Across+the+River
1017,87,B,4,Jungleland,09:33,https://music.youtube.com/search?q=Bruce+Springsteen+Jungleland
1018,88,A,1,Break On Through (To the Other Side),02:29,https://music.youtube.com/search?q=The+Doors+Break+On+Through+%28To+the+Other+Side%29
1019,88,A,2,Soul Kitchen,03:35,https://music.youtube.com/search?q=The+Doors+Soul+Kitchen
1020,88,A,3,The Crystal Ship,02:34,https://music.youtube.com/search?q=The+Doors+The+Crystal+Ship
1021,88,A,4,Twentieth Century Fox,02:33,https://music.youtube.com/search?q=The+Doors+Twentieth+Century+Fox
1022,88,B,1,Alabama Song (Whisky Bar),03:20,https://music.youtube.com/search?q=The+Doors+Alabama+Song+%28Whisky+Bar%29
1023,88,B,2,Light My Fire,07:07,https://music.youtube.com/search?q=The+Doors+Light+My+Fire
1024,88,C,1,Back Door Man,03:34,https://music.youtube.com/search?q=The+Doors+Back+Door+Man
1025,88,C,2,I Looked at You,02:22,https://music.youtube.com/search?q=The+Doors+I+Looked+at+You
1026,88,C,3,End of the Night,02:52,https://music.youtube.com/search?q=The+Doors+End+of+the+Night
1027,88,C,4,Take It as It Comes,02:17,https://music.youtube.com/search?q=The+Doors+Take+It+as+It+Comes
1028,88,D,1,The End,11:41,https://music.youtube.com/search?q=The+Doors+The+End
1029,89,A,1,Hells Bells,05:12,https://music.youtube.com/search?q=AC%2FDC+Hells+Bells
1030,89,A,2,Shoot to Thrill,05:17,https://music.youtube.com/search?q=AC%2FDC+Shoot+to+Thrill
1031,89,A,3,What Do You Do for Money Honey,03:35,https://music.youtube.com/search?q=AC%2FDC+What+Do+You+Do+for+Money+Honey
1032,89,A,4,Givin the Dog a Bone,03:31,https://music.youtube.com/search?q=AC%2FDC+Givin+the+Dog+a+Bone
1033,89,A,5,Let Me Put My Love into You,04:15,https://music.youtube.com/search?q=AC%2FDC+Let+Me+Put+My+Love+into+You
1034,89,B,1,Back in Black,04:15,https://music.youtube.com/search?q=AC%2FDC+Back+in+Black
1035,89,B,2,You Shook Me All Night Long,03:30,https://music.youtube.com/search?q=AC%2FDC+You+Shook+Me+All+Night+Long
1036,89,B,3,Have a Drink on Me,03:58,https://music.youtube.com/search?q=AC%2FDC+Have+a+Drink+on+Me
1037,89,B,4,Shake a Leg,04:05,https://music.youtube.com/search?q=AC%2FDC+Shake+a+Leg
1038,89,B,5,Rock and Roll Ain't Noise Pollution,04:15,https://music.youtube.com/search?q=AC%2FDC+Rock+and+Roll+Ain%27t+Noise+Pollution
1039,90,A,1,Invaders,03:23,https://music.youtube.com/search?q=Iron+Maiden+Invaders
1040,90,A,2,Children of the Damned,04:34,https://music.youtube.com/search?q=Iron+Maiden+Children+of+the+Damned
1041,90,A,3,The Prisoner,06:03,https://music.youtube.com/search?q=Iron+Maiden+The+Prisoner
1042,90,A,4,22 Acacia Avenue,06:36,https://music.youtube.com/search?q=Iron+Maiden+22+Acacia+Avenue
1043,90,B,1,The Number of the Beast,04:50,https://music.youtube.com/search?q=Iron+Maiden+The+Number+of+the+Beast
1044,90,B,2,Run to the Hills,03:53,https://music.youtube.com/search?q=Iron+Maiden+Run+to+the+Hills
1045,90,B,3,Gangland,03:49,https://music.youtube.com/search?q=Iron+Maiden+Gangland
1046,90,B,4,Hallowed Be Thy Name,07:11,https://music.youtube.com/search?q=Iron+Maiden+Hallowed+Be+Thy+Name
1047,91,A,1,Everlasting Light,03:24,https://music.youtube.com/search?q=Black+Keys+Everlasting+Light
1048,91,A,2,Next Girl,03:18,https://music.youtube.com/search?q=Black+Keys+Next+Girl
1049,91,A,3,Tighten Up,03:31,https://music.youtube.com/search?q=Black+Keys+Tighten+Up
1050,91,A,4,Howlin' for You,03:11,https://music.youtube.com/search?q=Black+Keys+Howlin%27+for+You
1051,91,B,1,She's Long Gone,03:06,https://music.youtube.com/search?q=Black+Keys+She%27s+Long+Gone
1052,91,B,2,Black Mud,02:09,https://music.youtube.com/search?q=Black+Keys+Black+Mud
1053,91,B,3,The Only One,05:00,https://music.youtube.com/search?q=Black+Keys+The+Only+One
1054,91,B,4,Too Afraid to Love You,03:25,https://music.youtube.com/search?q=Black+Keys+Too+Afraid+to+Love+You
1055,91,C,1,Ten Cent Pistol,04:29,https://music.youtube.com/search?q=Black+Keys+Ten+Cent+Pistol
1056,91,C,2,Sinister Kid,03:45,https://music.youtube.com/search?q=Black+Keys+Sinister+Kid
1057,91,C,3,The Go Getter,03:37,https://music.youtube.com/search?q=Black+Keys+The+Go+Getter
1058,91,C,4,I'm Not the One,03:49,https://music.youtube.com/search?q=Black+Keys+I%27m+Not+the+One
1059,91,D,1,Unknown Brother,03:59,https://music.youtube.com/search?q=Black+Keys+Unknown+Brother
1060,91,D,2,Never Gonna Give You Up,03:39,https://music.youtube.com/search?q=Black+Keys+Never+Gonna+Give+You+Up
1061,91,D,3,These Days,05:12,https://music.youtube.com/search?q=Black+Keys+These+Days
1062,92,A,1,Don't Know Why,03:06,https://music.youtube.com/search?q=Norah+Jones+Don%27t+Know+Why
1063,92,A,2,Seven Years,02:25,https://music.youtube.com/search?q=Norah+Jones+Seven+Years
1064,92,A,3,Cold Cold Heart,03:38,https://music.youtube.com/search?q=Norah+Jones+Cold+Cold+Heart
1065,92,A,4,Feelin' the Same Way,02:55,https://music.youtube.com/search?q=Norah+Jones+Feelin%27+the+Same+Way
1066,92,B,1,Come Away with Me,03:18,https://music.youtube.com/search?q=Norah+Jones+Come+Away+with+Me
1067,92,B,2,Shoot the Moon,03:57,https://music.youtube.com/search?q=Norah+Jones+Shoot+the+Moon
1068,92,B,3,Turn Me On,02:34,https://music.youtube.com/search?q=Norah+Jones+Turn+Me+On
1069,92,B,4,Lonestar,03:06,https://music.youtube.com/search?q=Norah+Jones+Lonestar
1070,92,C,1,I've Got to See You Again,04:13,https://music.youtube.com/search?q=Norah+Jones+I%27ve+Got+to+See+You+Again
1071,92,C,2,Painter Song,02:42,https://music.youtube.com/search?q=Norah+Jones+Painter+Song
1072,92,C,3,One Flight Down,03:05,https://music.youtube.com/search?q=Norah+Jones+One+Flight+Down
1073,92,D,1,Nightingale,04:12,https://music.youtube.com/search?q=Norah+Jones+Nightingale
1074,92,D,2,The Long Day Is Over,02:44,https://music.youtube.com/search?q=Norah+Jones+The+Long+Day+Is+Over
1075,92,D,3,The Nearness of You,03:07,https://music.youtube.com/search?q=Norah+Jones+The+Nearness+of+You
1076,93,A,1,In the Wee Small Hours of the Morning,03:00,https://music.youtube.com/search?q=Frank+Sinatra+In+the+Wee+Small+Hours+of+the+Morning
1077,93,A,2,Mood Indigo,03:30,https://music.youtube.com/search?q=Frank+Sinatra+Mood+Indigo
1078,93,A,3,Glad to Be Unhappy,02:35,https://music.youtube.com/search?q=Frank+Sinatra+Glad+to+Be+Unhappy
1079,93,A,4,I Get Along Without You Very Well,03:42,https://music.youtube.com/search?q=Frank+Sinatra+I+Get+Along+Without+You+Very+Well
1080,93,B,1,Deep in a Dream,02:49,https://music.youtube.com/search?q=Frank+Sinatra+Deep+in+a+Dream
1081,93,B,2,I See Your Face Before Me,03:24,https://music.youtube.com/search?q=Frank+Sinatra+I+See+Your+Face+Before+Me
1082,93,B,3,Can't We Be Friends?,02:48,https://music.youtube.com/search?q=Frank+Sinatra+Can%27t+We+Be+Friends%3F
1083,93,B,4,When Your Lover Has Gone,03:10,https://music.youtube.com/search?q=Frank+Sinatra+When+Your+Lover+Has+Gone
1084,93,C,1,What Is This Thing Called Love?,02:35,https://music.youtube.com/search?q=Frank+Sinatra+What+Is+This+Thing+Called+Love%3F
1085,93,C,2,Last Night When We Were Young,03:17,https://music.youtube.com/search?q=Frank+Sinatra+Last+Night+When+We+Were+Young
1086,93,C,3,I'll Be Around,02:59,https://music.youtube.com/search?q=Frank+Sinatra+I%27ll+Be+Around
1087,93,C,4,Ill Wind,03:46,https://music.youtube.com/search?q=Frank+Sinatra+Ill+Wind
1088,93,D,1,It Never Entered My Mind,02:42,https://music.youtube.com/search?q=Frank+Sinatra+It+Never+Entered+My+Mind
1089,93,D,2,Dancing on the Ceiling,03:00,https://music.youtube.com/search?q=Frank+Sinatra+Dancing+on+the+Ceiling
1090,93,D,3,I'll Never Be the Same,03:08,https://music.youtube.com/search?q=Frank+Sinatra+I%27ll+Never+Be+the+Same
1091,93,D,4,This Love of Mine,03:33,https://music.youtube.com/search?q=Frank+Sinatra+This+Love+of+Mine
1092,94,A,1,Bye Bye Love,02:09,https://music.youtube.com/search?q=Ray+Charles+Bye+Bye+Love
1093,94,A,2,You Don't Know Me,03:14,https://music.youtube.com/search?q=Ray+Charles+You+Don%27t+Know+Me
1094,94,A,3,Half as Much,03:24,https://music.youtube.com/search?q=Ray+Charles+Half+as+Much
1095,94,A,4,I Love You So Much It Hurts,03:33,https://music.youtube.com/search?q=Ray+Charles+I+Love+You+So+Much+It+Hurts
1096,94,A,5,Just a Little Lovin',03:26,https://music.youtube.com/search?q=Ray+Charles+Just+a+Little+Lovin%27
1097,94,A,6,Born to Lose,03:15,https://music.youtube.com/search?q=Ray+Charles+Born+to+Lose
1098,94,B,1,Worried Mind,02:54,https://music.youtube.com/search?q=Ray+Charles+Worried+Mind
1099,94,B,2,It Makes No Difference Now,03:30,https://music.youtube.com/search?q=Ray+Charles+It+Makes+No+Difference+Now
1100,94,B,3,You Win Again,03:29,https://music.youtube.com/search?q=Ray+Charles+You+Win+Again
1101,94,B,4,Careless Love,03:56,https://music.youtube.com/search?q=Ray+Charles+Careless+Love
1102,94,B,5,I Can't Stop Loving You,04:13,https://music.youtube.com/search?q=Ray+Charles+I+Can%27t+Stop+Loving+You
1103,94,B,6,"Hey, Good Lookin'",02:12,https://music.youtube.com/search?q=Ray+Charles+Hey%2C+Good+Lookin%27
1104,95,A,1,"Ciega, Sordomuda",04:28,https://music.youtube.com/search?q=Shakira+Ciega%2C+Sordomuda
1105,95,A,2,Si Te Vas,03:31,https://music.youtube.com/search?q=Shakira+Si+Te+Vas
1106,95,A,3,Moscas en la Casa,03:31,https://music.youtube.com/search?q=Shakira+Moscas+en+la+Casa
1107,95,A,4,No Creo,03:50,https://music.youtube.com/search?q=Shakira+No+Creo
1108,95,A,5,Inevitable,03:13,https://music.youtube.com/search?q=Shakira+Inevitable
1109,95,B,1,Octavo Día,04:32,https://music.youtube.com/search?q=Shakira+Octavo+D%C3%ADa
1110,95,B,2,Que Vuelvas,03:49,https://music.youtube.com/search?q=Shakira+Que+Vuelvas
1111,95,B,3,Tú,03:36,https://music.youtube.com/search?q=Shakira+T%C3%BA
1112,95,B,4,Dónde Están los Ladrones?,03:12,https://music.youtube.com/search?q=Shakira+D%C3%B3nde+Est%C3%A1n+los+Ladrones%3F
1113,95,B,5,Sombra de Ti,03:33,https://music.youtube.com/search?q=Shakira+Sombra+de+Ti
1114,95,B,6,Ojos Así,03:57,https://music.youtube.com/search?q=Shakira+Ojos+As%C3%AD
1115,96,A,1,Chan Chan,04:16,https://music.youtube.com/search?q=Buena+Vista+Social+Club+Chan+Chan
1116,96,A,2,De Camino a la Vereda,05:03,https://music.youtube.com/search?q=Buena+Vista+Social+Club+De+Camino+a+la+Vereda
1117,96,A,3,El Cuarto de Tula,07:27,https://music.youtube.com/search?q=Buena+Vista+Social+Club+El+Cuarto+de+Tula
1118,96,B,1,Pueblo Nuevo,06:05,https://music.youtube.com/search?q=Buena+Vista+Social+Club+Pueblo+Nuevo
1119,96,B,2,Dos Gardenias,03:04,https://music.youtube.com/search?q=Buena+Vista+Social+Club+Dos+Gardenias
1120,96,B,3,¿Y Tú Qué Has Hecho?,03:13,https://music.youtube.com/search?q=Buena+Vista+Social+Club+%C2%BFY+T%C3%BA+Qu%C3%A9+Has+Hecho%3F
1121,96,C,1,Veinte Años,03:29,https://music.youtube.com/search?q=Buena+Vista+Social+Club+Veinte+A%C3%B1os
1122,96,C,2,El Carretero,03:30,https://music.youtube.com/search?q=Buena+Vista+Social+Club+El+Carretero
1123,96,C,3,Candela,05:27,https://music.youtube.com/search?q=Buena+Vista+Social+Club+Candela
1124,96,C,4,Amor de Loca Juventud,03:21,https://music.youtube.com/search?q=Buena+Vista+Social+Club+Amor+de+Loca+Juventud
1125,96,D,1,Orgullecida,03:18,https://music.youtube.com/search?q=Buena+Vista+Social+Club+Orgullecida
1126,96,D,2,Murmullo,03:50,https://music.youtube.com/search?q=Buena+Vista+Social+Club+Murmullo
1127,96,D,3,Buena Vista Social Club,04:50,https://music.youtube.com/search?q=Buena+Vista+Social+Club+Buena+Vista+Social+Club
1128,96,D,4,La Bayamesa,02:54,https://music.youtube.com/search?q=Buena+Vista+Social+Club+La+Bayamesa
1129,97,A,1,Harder to Breathe,02:53,https://music.youtube.com/search?q=Maroon+5+Harder+to+Breathe
1130,97,A,2,This Love,03:26,https://music.youtube.com/search?q=Maroon+5+This+Love
1131,97,A,3,Shiver,02:59,https://music.youtube.com/search?q=Maroon+5+Shiver
1132,97,B,1,She Will Be Loved,04:17,https://music.youtube.com/search?q=Maroon+5+She+Will+Be+Loved
1133,97,B,2,Tangled,03:18,https://music.youtube.com/search?q=Maroon+5+Tangled
1134,97,B,3,The Sun,04:11,https://music.youtube.com/search?q=Maroon+5+The+Sun
1135,97,C,1,Must Get Out,03:59,https://music.youtube.com/search?q=Maroon+5+Must+Get+Out
1136,97,C,2,Sunday Morning,04:06,https://music.youtube.com/search?q=Maroon+5+Sunday+Morning
1137,97,C,3,Secret,04:55,https://music.youtube.com/search?q=Maroon+5+Secret
1138,97,D,1,Through with You,03:01,https://music.youtube.com/search?q=Maroon+5+Through+with+You
1139,97,D,2,Not Coming Home,04:21,https://music.youtube.com/search?q=Maroon+5+Not+Coming+Home
1140,97,D,3,Sweetest Goodbye,04:31,https://music.youtube.com/search?q=Maroon+5+Sweetest+Goodbye
1141,98,A,1,Politik,05:18,https://music.youtube.com/search?q=Coldplay+Politik
1142,98,A,2,In My Place,03:48,https://music.youtube.com/search?q=Coldplay+In+My+Place
1143,98,A,3,God Put a Smile upon Your Face,04:57,https://music.youtube.com/search?q=Coldplay+God+Put+a+Smile+upon+Your+Face
1144,98,B,1,The Scientist,05:09,https://music.youtube.com/search?q=Coldplay+The+Scientist
1145,98,B,2,Clocks,05:07,https://music.youtube.com/search?q=Coldplay+Clocks
1146,98,B,3,Daylight,05:27,https://music.youtube.com/search?q=Coldplay+Daylight
1147,98,C,1,Green Eyes,03:43,https://music.youtube.com/search?q=Coldplay+Green+Eyes
1148,98,C,2,Warning Sign,05:31,https://music.youtube.com/search?q=Coldplay+Warning+Sign
1149,98,C,3,A Whisper,03:58,https://music.youtube.com/search?q=Coldplay+A+Whisper
1150,98,D,1,A Rush of Blood to the Head,05:51,https://music.youtube.com/search?q=Coldplay+A+Rush+of+Blood+to+the+Head
1151,98,D,2,Amsterdam,05:19,https://music.youtube.com/search?q=Coldplay+Amsterdam
1152,99,A,1,Norman Fucking Rockwell,04:09,https://music.youtube.com/search?q=Lana+Del+Rey+Norman+Fucking+Rockwell
1153,99,A,2,Mariners Apartment Complex,04:07,https://music.youtube.com/search?q=Lana+Del+Rey+Mariners+Apartment+Complex
1154,99,A,3,Venice Bitch,09:37,https://music.youtube.com/search?q=Lana+Del+Rey+Venice+Bitch
1155,99,B,1,Fuck It I Love You,03:38,https://music.youtube.com/search?q=Lana+Del+Rey+Fuck+It+I+Love+You
1156,99,B,2,Doin' Time,03:22,https://music.youtube.com/search?q=Lana+Del+Rey+Doin%27+Time
1157,99,B,3,Love Song,03:49,https://music.youtube.com/search?q=Lana+Del+Rey+Love+Song
1158,99,B,4,Cinnamon Girl,05:00,https://music.youtube.com/search?q=Lana+Del+Rey+Cinnamon+Girl
1159,99,C,1,How to Disappear,03:48,https://music.youtube.com/search?q=Lana+Del+Rey+How+to+Disappear
1160,99,C,2,California,05:05,https://music.youtube.com/search?q=Lana+Del+Rey+California
1161,99,C,3,The Next Best American Record,05:49,https://music.youtube.com/search?q=Lana+Del+Rey+The+Next+Best+American+Record
1162,99,D,1,The Greatest,05:00,https://music.youtube.com/search?q=Lana+Del+Rey+The+Greatest
1163,99,D,2,Bartender,04:23,https://music.youtube.com/search?q=Lana+Del+Rey+Bartender
1164,99,D,3,Happiness Is a Butterfly,04:32,https://music.youtube.com/search?q=Lana+Del+Rey+Happiness+Is+a+Butterfly
1165,99,D,4,Hope Is a Dangerous Thing for a Woman Like Me to Have – but I Have It,05:24,https://music.youtube.com/search?q=Lana+Del+Rey+Hope+Is+a+Dangerous+Thing+for+a+Woman+Like+Me+to+Have+%E2%80%93+but+I+Have+It
1166,100,A,1,Dog Days Are Over,04:13,https://music.youtube.com/search?q=Florence+%2B+the+Machine+Dog+Days+Are+Over
1167,100,A,2,Rabbit Heart (Raise It Up),03:52,https://music.youtube.com/search?q=Florence+%2B+the+Machine+Rabbit+Heart+%28Raise+It+Up%29
1168,100,A,3,I'm Not Calling You a Liar,03:05,https://music.youtube.com/search?q=Florence+%2B+the+Machine+I%27m+Not+Calling+You+a+Liar
1169,100,B,1,Howl,03:34,https://music.youtube.com/search?q=Florence+%2B+the+Machine+Howl
1170,100,B,2,Kiss with a Fist,02:04,https://music.youtube.com/search?q=Florence+%2B+the+Machine+Kiss+with+a+Fist
1171,100,B,3,Girl with One Eye,03:39,https://music.youtube.com/search?q=Florence+%2B+the+Machine+Girl+with+One+Eye
1172,100,B,4,Drumming Song,03:44,https://music.youtube.com/search?q=Florence+%2B+the+Machine+Drumming+Song
1173,100,C,1,Between Two Lungs,04:09,https://music.youtube.com/search?q=Florence+%2B+the+Machine+Between+Two+Lungs
1174,100,C,2,Cosmic Love,04:16,https://music.youtube.com/search?q=Florence+%2B+the+Machine+Cosmic+Love
1175,100,C,3,My Boy Builds Coffins,02:56,https://music.youtube.com/search?q=Florence+%2B+the+Machine+My+Boy+Builds+Coffins
1176,100,D,1,Hurricane Drunk,03:13,https://music.youtube.com/search?q=Florence+%2B+the+Machine+Hurricane+Drunk
1177,100,D,2,Blinding,04:40,https://music.youtube.com/search?q=Florence+%2B+the+Machine+Blinding
1178,100,D,3,You've Got the Love,02:48,https://music.youtube.com/search?q=Florence+%2B+the+Machine+You%27ve+Got+the+Love